-- --------------------------------------------------------
-- Host:                         127.0.0.1
-- Server version:               8.0.30 - MySQL Community Server - GPL
-- Server OS:                    Win64
-- HeidiSQL Version:             12.1.0.6537
-- --------------------------------------------------------

/*!40101 SET @OLD_CHARACTER_SET_CLIENT=@@CHARACTER_SET_CLIENT */;
/*!40101 SET NAMES utf8 */;
/*!50503 SET NAMES utf8mb4 */;
/*!40103 SET @OLD_TIME_ZONE=@@TIME_ZONE */;
/*!40103 SET TIME_ZONE='+00:00' */;
/*!40014 SET @OLD_FOREIGN_KEY_CHECKS=@@FOREIGN_KEY_CHECKS, FOREIGN_KEY_CHECKS=0 */;
/*!40101 SET @OLD_SQL_MODE=@@SQL_MODE, SQL_MODE='NO_AUTO_VALUE_ON_ZERO' */;
/*!40111 SET @OLD_SQL_NOTES=@@SQL_NOTES, SQL_NOTES=0 */;

-- Dumping structure for table ai_erp.ariat_defect_daily
CREATE TABLE IF NOT EXISTS `ariat_defect_daily` (
  `id_dfariat` int NOT NULL AUTO_INCREMENT,
  `id_spk` int DEFAULT NULL,
  `po_number` varchar(125) CHARACTER SET utf8mb4 COLLATE utf8mb4_general_ci DEFAULT NULL,
  `artcolor_name` varchar(125) CHARACTER SET utf8mb4 COLLATE utf8mb4_general_ci DEFAULT NULL,
  `brand` varchar(125) CHARACTER SET utf8mb4 COLLATE utf8mb4_general_ci DEFAULT NULL,
  `total_qty` varchar(125) CHARACTER SET utf8mb4 COLLATE utf8mb4_general_ci DEFAULT NULL,
  `no_dfariat` varchar(125) CHARACTER SET utf8mb4 COLLATE utf8mb4_general_ci DEFAULT NULL,
  `dept_name` varchar(125) CHARACTER SET utf8mb4 COLLATE utf8mb4_general_ci DEFAULT NULL,
  `tgl_input` date DEFAULT NULL,
  `created_at` datetime DEFAULT NULL,
  `keterangan` varchar(300) CHARACTER SET utf8mb4 COLLATE utf8mb4_general_ci DEFAULT NULL,
  `created_by` varchar(50) CHARACTER SET utf8mb4 COLLATE utf8mb4_general_ci DEFAULT NULL,
  `daily_issue1` varchar(500) CHARACTER SET utf8mb4 COLLATE utf8mb4_general_ci DEFAULT NULL,
  `root_cause1` varchar(500) CHARACTER SET utf8mb4 COLLATE utf8mb4_general_ci DEFAULT NULL,
  `corrective_action1` varchar(500) CHARACTER SET utf8mb4 COLLATE utf8mb4_general_ci DEFAULT NULL,
  `status_update1` varchar(500) CHARACTER SET utf8mb4 COLLATE utf8mb4_general_ci DEFAULT NULL,
  `owner1` varchar(500) CHARACTER SET utf8mb4 COLLATE utf8mb4_general_ci DEFAULT NULL,
  `daily_issue2` varchar(500) CHARACTER SET utf8mb4 COLLATE utf8mb4_general_ci DEFAULT NULL,
  `root_cause2` varchar(500) CHARACTER SET utf8mb4 COLLATE utf8mb4_general_ci DEFAULT NULL,
  `corrective_action2` varchar(500) CHARACTER SET utf8mb4 COLLATE utf8mb4_general_ci DEFAULT NULL,
  `status_update2` varchar(500) CHARACTER SET utf8mb4 COLLATE utf8mb4_general_ci DEFAULT NULL,
  `owner2` varchar(500) CHARACTER SET utf8mb4 COLLATE utf8mb4_general_ci DEFAULT NULL,
  `daily_issue3` varchar(500) CHARACTER SET utf8mb4 COLLATE utf8mb4_general_ci DEFAULT NULL,
  `root_cause3` varchar(500) CHARACTER SET utf8mb4 COLLATE utf8mb4_general_ci DEFAULT NULL,
  `corrective_action3` varchar(500) CHARACTER SET utf8mb4 COLLATE utf8mb4_general_ci DEFAULT NULL,
  `status_update3` varchar(500) CHARACTER SET utf8mb4 COLLATE utf8mb4_general_ci DEFAULT NULL,
  `owner3` varchar(500) CHARACTER SET utf8mb4 COLLATE utf8mb4_general_ci DEFAULT NULL,
  PRIMARY KEY (`id_dfariat`) USING BTREE,
  KEY `id_spk` (`id_spk`) USING BTREE
) ENGINE=InnoDB AUTO_INCREMENT=30 DEFAULT CHARSET=utf8mb4 COLLATE=utf8mb4_general_ci ROW_FORMAT=DYNAMIC;

-- Dumping data for table ai_erp.ariat_defect_daily: ~0 rows (approximately)

-- Dumping structure for table ai_erp.ariat_defect_production
CREATE TABLE IF NOT EXISTS `ariat_defect_production` (
  `id_df` int NOT NULL AUTO_INCREMENT,
  `id_spk` int DEFAULT NULL,
  `po_number` varchar(125) CHARACTER SET utf8mb4 COLLATE utf8mb4_general_ci DEFAULT NULL,
  `artcolor_name` varchar(125) COLLATE utf8mb4_general_ci DEFAULT NULL,
  `brand` varchar(125) CHARACTER SET utf8mb4 COLLATE utf8mb4_general_ci DEFAULT NULL,
  `total_qty` varchar(125) CHARACTER SET utf8mb4 COLLATE utf8mb4_general_ci DEFAULT NULL,
  `no_dfariat` varchar(125) CHARACTER SET utf8mb4 COLLATE utf8mb4_general_ci DEFAULT NULL,
  `created_at` datetime DEFAULT NULL,
  `tgl_input` date DEFAULT NULL,
  `dept_name` varchar(125) CHARACTER SET utf8mb4 COLLATE utf8mb4_general_ci DEFAULT NULL,
  `qty_lasting` varchar(125) CHARACTER SET utf8mb4 COLLATE utf8mb4_general_ci DEFAULT NULL,
  `qty_cementing` varchar(125) CHARACTER SET utf8mb4 COLLATE utf8mb4_general_ci DEFAULT NULL,
  `qty_finishing` varchar(125) CHARACTER SET utf8mb4 COLLATE utf8mb4_general_ci DEFAULT NULL,
  `total_defect` varchar(125) CHARACTER SET utf8mb4 COLLATE utf8mb4_general_ci DEFAULT NULL,
  PRIMARY KEY (`id_df`) USING BTREE,
  KEY `id_spk` (`id_spk`) USING BTREE
) ENGINE=InnoDB AUTO_INCREMENT=41 DEFAULT CHARSET=utf8mb4 COLLATE=utf8mb4_general_ci ROW_FORMAT=DYNAMIC;

-- Dumping data for table ai_erp.ariat_defect_production: ~2 rows (approximately)
INSERT INTO `ariat_defect_production` (`id_df`, `id_spk`, `po_number`, `artcolor_name`, `brand`, `total_qty`, `no_dfariat`, `created_at`, `tgl_input`, `dept_name`, `qty_lasting`, `qty_cementing`, `qty_finishing`, `total_defect`) VALUES
	(39, 1, '343424223', '10074223 GREY HIPPO PRINT / BURGUNDY HAZE', 'ARIAT', '1001', 'DF-20250925-001', '2025-09-25 07:16:49', '2025-09-25', 'LASTING', '200', '200', '300', '5'),
	(40, 1, '343424223', '10074223 GREY HIPPO PRINT / BURGUNDY HAZE', 'ARIAT', '1001', 'DF-20250925-002', '2025-09-25 07:31:05', '2025-09-25', 'CEMENTING', NULL, NULL, '100', '8');

-- Dumping structure for table ai_erp.bom_l1
CREATE TABLE IF NOT EXISTS `bom_l1` (
  `id` bigint NOT NULL AUTO_INCREMENT,
  `item_id` bigint NOT NULL,
  `unit_id` bigint NOT NULL,
  `brand_id` bigint NOT NULL,
  `art_color` varchar(255) CHARACTER SET utf8mb4 COLLATE utf8mb4_general_ci DEFAULT NULL,
  `created_at` timestamp NULL DEFAULT CURRENT_TIMESTAMP,
  `updated_at` timestamp NULL DEFAULT CURRENT_TIMESTAMP ON UPDATE CURRENT_TIMESTAMP,
  PRIMARY KEY (`id`)
) ENGINE=InnoDB AUTO_INCREMENT=28 DEFAULT CHARSET=utf8mb4 COLLATE=utf8mb4_general_ci;

-- Dumping data for table ai_erp.bom_l1: ~7 rows (approximately)
INSERT INTO `bom_l1` (`id`, `item_id`, `unit_id`, `brand_id`, `art_color`, `created_at`, `updated_at`) VALUES
	(21, 1, 2, 1, 'EG555 - Black', '2025-09-18 02:34:50', '2025-09-18 02:34:50'),
	(22, 2, 2, 2, 'EG555 - Black', '2025-09-18 02:49:31', '2025-09-18 02:49:31'),
	(23, 3, 2, 3, 'EG55 Black', '2025-09-18 02:50:41', '2025-09-18 02:50:41'),
	(24, 3, 2, 3, 'EG555 - Black', '2025-09-18 02:56:14', '2025-09-18 02:56:14'),
	(25, 1, 2, 1, 'EG555 - Black', '2025-09-18 04:06:40', '2025-09-18 04:06:40'),
	(26, 1, 2, 1, 'wed - 123213', '2025-09-18 09:13:44', '2025-09-18 09:13:44'),
	(27, 1, 2, 1, 'test', '2025-09-22 06:12:22', '2025-09-22 06:12:22');

-- Dumping structure for table ai_erp.bom_l2
CREATE TABLE IF NOT EXISTS `bom_l2` (
  `id` bigint NOT NULL AUTO_INCREMENT,
  `bom_l1_id` bigint NOT NULL,
  `item_id` bigint NOT NULL,
  `created_at` timestamp NULL DEFAULT CURRENT_TIMESTAMP,
  `updated_at` timestamp NULL DEFAULT CURRENT_TIMESTAMP ON UPDATE CURRENT_TIMESTAMP,
  PRIMARY KEY (`id`)
) ENGINE=InnoDB AUTO_INCREMENT=110 DEFAULT CHARSET=utf8mb4 COLLATE=utf8mb4_general_ci;

-- Dumping data for table ai_erp.bom_l2: ~25 rows (approximately)
INSERT INTO `bom_l2` (`id`, `bom_l1_id`, `item_id`, `created_at`, `updated_at`) VALUES
	(85, 1, 6, '2025-09-18 02:34:50', '2025-09-18 02:34:50'),
	(86, 1, 7, '2025-09-18 02:34:50', '2025-09-18 02:34:50'),
	(87, 1, 8, '2025-09-18 02:34:50', '2025-09-18 02:34:50'),
	(88, 1, 9, '2025-09-18 02:34:50', '2025-09-18 02:34:50'),
	(89, 1, 10, '2025-09-18 02:34:50', '2025-09-18 02:34:50'),
	(90, 1, 11, '2025-09-18 02:34:50', '2025-09-18 02:34:50'),
	(91, 1, 6, '2025-09-18 02:49:31', '2025-09-18 02:49:31'),
	(92, 1, 7, '2025-09-18 02:49:31', '2025-09-18 02:49:31'),
	(93, 1, 8, '2025-09-18 02:49:31', '2025-09-18 02:49:31'),
	(94, 1, 9, '2025-09-18 02:49:31', '2025-09-18 02:49:31'),
	(95, 1, 10, '2025-09-18 02:49:31', '2025-09-18 02:49:31'),
	(96, 1, 11, '2025-09-18 02:49:31', '2025-09-18 02:49:31'),
	(97, 1, 18, '2025-09-18 02:50:41', '2025-09-18 02:50:41'),
	(98, 1, 19, '2025-09-18 02:50:41', '2025-09-18 02:50:41'),
	(99, 24, 18, '2025-09-18 02:56:14', '2025-09-18 02:56:14'),
	(100, 24, 19, '2025-09-18 02:56:14', '2025-09-18 02:56:14'),
	(101, 25, 6, '2025-09-18 04:06:40', '2025-09-18 04:06:40'),
	(102, 26, 6, '2025-09-18 09:13:44', '2025-09-18 09:13:44'),
	(103, 26, 7, '2025-09-18 09:13:44', '2025-09-18 09:13:44'),
	(104, 27, 6, '2025-09-22 06:12:22', '2025-09-22 06:12:22'),
	(105, 27, 7, '2025-09-22 06:12:22', '2025-09-22 06:12:22'),
	(106, 27, 8, '2025-09-22 06:12:22', '2025-09-22 06:12:22'),
	(107, 27, 9, '2025-09-22 06:12:22', '2025-09-22 06:12:22'),
	(108, 27, 10, '2025-09-22 06:12:22', '2025-09-22 06:12:22'),
	(109, 27, 11, '2025-09-22 06:12:22', '2025-09-22 06:12:22');

-- Dumping structure for table ai_erp.bom_l3
CREATE TABLE IF NOT EXISTS `bom_l3` (
  `id` bigint NOT NULL AUTO_INCREMENT,
  `bom_l2_id` bigint NOT NULL,
  `item_id` bigint NOT NULL,
  `consumption` decimal(18,6) NOT NULL,
  `created_at` timestamp NULL DEFAULT CURRENT_TIMESTAMP,
  `updated_at` timestamp NULL DEFAULT CURRENT_TIMESTAMP ON UPDATE CURRENT_TIMESTAMP,
  PRIMARY KEY (`id`)
) ENGINE=InnoDB AUTO_INCREMENT=29 DEFAULT CHARSET=utf8mb4 COLLATE=utf8mb4_general_ci;

-- Dumping data for table ai_erp.bom_l3: ~26 rows (approximately)
INSERT INTO `bom_l3` (`id`, `bom_l2_id`, `item_id`, `consumption`, `created_at`, `updated_at`) VALUES
	(3, 1, 25, 2.000000, '2025-09-18 02:34:50', '2025-09-18 02:34:50'),
	(4, 1, 26, 2.000000, '2025-09-18 02:34:50', '2025-09-18 02:34:50'),
	(5, 1, 24, 2.000000, '2025-09-18 02:49:31', '2025-09-18 02:49:31'),
	(6, 1, 27, 3.000000, '2025-09-18 02:49:31', '2025-09-18 02:49:31'),
	(7, 1, 28, 2.000000, '2025-09-18 02:50:41', '2025-09-18 02:50:41'),
	(8, 1, 30, 2.000000, '2025-09-18 02:50:41', '2025-09-18 02:50:41'),
	(9, 99, 24, 1.000000, '2025-09-18 02:56:14', '2025-09-18 02:56:14'),
	(10, 100, 26, 2.000000, '2025-09-18 02:56:14', '2025-09-18 02:56:14'),
	(11, 101, 27, 2.000000, '2025-09-18 04:06:40', '2025-09-18 04:06:40'),
	(12, 101, 28, 2.000000, '2025-09-18 04:06:40', '2025-09-18 04:06:40'),
	(13, 102, 24, 2.000000, '2025-09-18 09:13:44', '2025-09-18 09:13:44'),
	(14, 102, 25, 2.000000, '2025-09-18 09:13:44', '2025-09-18 09:13:44'),
	(15, 103, 6, 1.000000, '2025-09-18 09:13:44', '2025-09-18 09:13:44'),
	(16, 103, 28, 2.000000, '2025-09-18 09:13:44', '2025-09-18 09:13:44'),
	(17, 104, 24, 1.000000, '2025-09-22 06:12:22', '2025-09-22 06:12:22'),
	(18, 104, 25, 1.000000, '2025-09-22 06:12:22', '2025-09-22 06:12:22'),
	(19, 105, 6, 1.000000, '2025-09-22 06:12:22', '2025-09-22 06:12:22'),
	(20, 105, 33, 1.000000, '2025-09-22 06:12:22', '2025-09-22 06:12:22'),
	(21, 106, 7, 1.000000, '2025-09-22 06:12:22', '2025-09-22 06:12:22'),
	(22, 106, 26, 1.000000, '2025-09-22 06:12:22', '2025-09-22 06:12:22'),
	(23, 107, 8, 1.000000, '2025-09-22 06:12:22', '2025-09-22 06:12:22'),
	(24, 107, 30, 1.000000, '2025-09-22 06:12:22', '2025-09-22 06:12:22'),
	(25, 108, 9, 1.000000, '2025-09-22 06:12:22', '2025-09-22 06:12:22'),
	(26, 108, 40, 1.000000, '2025-09-22 06:12:22', '2025-09-22 06:12:22'),
	(27, 109, 10, 1.000000, '2025-09-22 06:12:22', '2025-09-22 06:12:22'),
	(28, 109, 50, 1.000000, '2025-09-22 06:12:22', '2025-09-22 06:12:22');

-- Dumping structure for table ai_erp.brands
CREATE TABLE IF NOT EXISTS `brands` (
  `id` int NOT NULL AUTO_INCREMENT,
  `name` varchar(100) CHARACTER SET utf8mb4 COLLATE utf8mb4_general_ci NOT NULL,
  `description` text CHARACTER SET utf8mb4 COLLATE utf8mb4_general_ci,
  `code` varchar(255) CHARACTER SET utf8mb4 COLLATE utf8mb4_general_ci NOT NULL,
  PRIMARY KEY (`id`),
  UNIQUE KEY `name` (`name`)
) ENGINE=InnoDB AUTO_INCREMENT=9 DEFAULT CHARSET=utf8mb4 COLLATE=utf8mb4_general_ci;

-- Dumping data for table ai_erp.brands: ~4 rows (approximately)
INSERT INTO `brands` (`id`, `name`, `description`, `code`) VALUES
	(1, 'Black Stone', 'BS', 'BRAND-BS'),
	(2, 'Rossi', 'RS', 'BRAND-R'),
	(3, 'Ariat', 'AR', 'BRAND-A'),
	(4, 'Wahana', 'WH', 'BRAND-W');

-- Dumping structure for table ai_erp.brand_sizes
CREATE TABLE IF NOT EXISTS `brand_sizes` (
  `id` int NOT NULL AUTO_INCREMENT,
  `brand_id` int NOT NULL,
  `size_name` varchar(50) CHARACTER SET utf8mb4 COLLATE utf8mb4_general_ci NOT NULL,
  `note` varchar(255) CHARACTER SET utf8mb4 COLLATE utf8mb4_general_ci DEFAULT NULL,
  PRIMARY KEY (`id`),
  KEY `brand_id` (`brand_id`),
  CONSTRAINT `brand_sizes_ibfk_1` FOREIGN KEY (`brand_id`) REFERENCES `brands` (`id`) ON DELETE CASCADE
) ENGINE=InnoDB AUTO_INCREMENT=22 DEFAULT CHARSET=utf8mb4 COLLATE=utf8mb4_general_ci;

-- Dumping data for table ai_erp.brand_sizes: ~21 rows (approximately)
INSERT INTO `brand_sizes` (`id`, `brand_id`, `size_name`, `note`) VALUES
	(1, 1, '36', ''),
	(2, 2, '3', '3'),
	(3, 2, '3T', ''),
	(4, 2, '4', ''),
	(5, 2, '4T', ''),
	(6, 3, '6D', ''),
	(7, 3, '6.5D', ''),
	(8, 1, '37', ''),
	(9, 1, '38', ''),
	(10, 1, '39', ''),
	(11, 1, '40', ''),
	(12, 1, '41', ''),
	(13, 1, '42', ''),
	(14, 1, '43', ''),
	(15, 1, '44', ''),
	(16, 1, '45', ''),
	(17, 1, '46', ''),
	(18, 1, '47', ''),
	(19, 1, '48', ''),
	(20, 1, '49', ''),
	(21, 1, '50', '');

-- Dumping structure for table ai_erp.categories
CREATE TABLE IF NOT EXISTS `categories` (
  `id` int NOT NULL AUTO_INCREMENT,
  `name` varchar(100) CHARACTER SET utf8mb4 COLLATE utf8mb4_general_ci NOT NULL,
  `description` text CHARACTER SET utf8mb4 COLLATE utf8mb4_general_ci,
  `code` varchar(255) CHARACTER SET utf8mb4 COLLATE utf8mb4_general_ci NOT NULL,
  `created_at` datetime DEFAULT CURRENT_TIMESTAMP,
  PRIMARY KEY (`id`),
  UNIQUE KEY `name` (`name`)
) ENGINE=InnoDB AUTO_INCREMENT=4 DEFAULT CHARSET=utf8mb4 COLLATE=utf8mb4_general_ci;

-- Dumping data for table ai_erp.categories: ~3 rows (approximately)
INSERT INTO `categories` (`id`, `name`, `description`, `code`, `created_at`) VALUES
	(1, 'Material', 'MT', 'CAT-MAT', '2025-09-16 11:46:44'),
	(2, 'Barang Setengah Jadi', 'BSJ', 'CAT-BSJ', '2025-09-16 11:47:06'),
	(3, 'Barang Jadi', 'BJ', 'CAT-BJ', '2025-09-16 11:47:20');

-- Dumping structure for table ai_erp.checkin_det
CREATE TABLE IF NOT EXISTS `checkin_det` (
  `id` bigint NOT NULL AUTO_INCREMENT,
  `hdr_id` bigint NOT NULL,
  `wo_l1_id` bigint NOT NULL,
  `item_id` bigint NOT NULL,
  `qty_in` decimal(18,6) NOT NULL DEFAULT '0.000000',
  `qty_out` decimal(18,6) NOT NULL DEFAULT '0.000000',
  `created_at` timestamp NULL DEFAULT CURRENT_TIMESTAMP,
  `updated_at` timestamp NULL DEFAULT CURRENT_TIMESTAMP ON UPDATE CURRENT_TIMESTAMP,
  PRIMARY KEY (`id`),
  KEY `hdr_id` (`hdr_id`),
  KEY `wo_l1_id` (`wo_l1_id`),
  KEY `item_id` (`item_id`),
  CONSTRAINT `fk_checkin_det_hdr` FOREIGN KEY (`hdr_id`) REFERENCES `checkin_hdr` (`id`) ON DELETE CASCADE
) ENGINE=InnoDB AUTO_INCREMENT=38 DEFAULT CHARSET=utf8mb4 COLLATE=utf8mb4_0900_ai_ci;

-- Dumping data for table ai_erp.checkin_det: ~24 rows (approximately)
INSERT INTO `checkin_det` (`id`, `hdr_id`, `wo_l1_id`, `item_id`, `qty_in`, `qty_out`, `created_at`, `updated_at`) VALUES
	(7, 3, 3, 24, 12.000000, 12.000000, '2025-09-18 09:58:15', '2025-09-21 19:56:21'),
	(8, 3, 3, 25, 12.000000, 12.000000, '2025-09-18 09:58:15', '2025-09-21 19:56:21'),
	(10, 3, 3, 28, 12.000000, 0.000000, '2025-09-18 09:58:15', '2025-09-18 09:58:15'),
	(11, 4, 3, 24, 240.000000, 10.000000, '2025-09-22 03:26:25', '2025-09-21 20:27:05'),
	(12, 4, 3, 25, 240.000000, 12.000000, '2025-09-22 03:26:25', '2025-09-21 20:27:05'),
	(14, 4, 3, 28, 0.000000, 0.000000, '2025-09-22 03:26:25', '2025-09-22 03:26:25'),
	(19, 12, 3, 6, 3.000000, 0.000000, '2025-09-21 23:05:03', '2025-09-21 23:05:03'),
	(20, 13, 3, 6, 3.000000, 0.000000, '2025-09-21 23:05:21', '2025-09-21 23:05:21'),
	(21, 16, 4, 24, 10.000000, 10.000000, '2025-09-22 07:03:49', '2025-09-22 01:02:29'),
	(22, 16, 4, 25, 10.000000, 10.000000, '2025-09-22 07:03:49', '2025-09-22 01:02:29'),
	(23, 16, 4, 33, 10.000000, 10.000000, '2025-09-22 07:03:49', '2025-09-22 02:06:09'),
	(25, 16, 4, 26, 10.000000, 10.000000, '2025-09-22 07:03:49', '2025-09-22 02:06:35'),
	(26, 16, 4, 30, 10.000000, 10.000000, '2025-09-22 07:03:49', '2025-09-22 02:08:37'),
	(27, 16, 4, 40, 10.000000, 10.000000, '2025-09-22 07:03:49', '2025-09-22 02:08:59'),
	(28, 16, 4, 50, 10.000000, 10.000000, '2025-09-22 07:03:49', '2025-09-22 02:09:29'),
	(29, 18, 3, 24, 1.000000, 0.000000, '2025-09-22 07:46:48', '2025-09-22 07:46:48'),
	(30, 18, 3, 25, 1.000000, 0.000000, '2025-09-22 07:46:48', '2025-09-22 07:46:48'),
	(31, 19, 4, 6, 3.000000, 3.000000, '2025-09-22 01:14:09', '2025-09-22 02:06:09'),
	(32, 20, 4, 6, 7.000000, 7.000000, '2025-09-22 02:05:54', '2025-09-22 02:06:09'),
	(33, 21, 4, 7, 10.000000, 10.000000, '2025-09-22 02:06:25', '2025-09-22 02:06:35'),
	(34, 22, 4, 8, 10.000000, 10.000000, '2025-09-22 02:08:31', '2025-09-22 02:08:37'),
	(35, 23, 4, 9, 10.000000, 10.000000, '2025-09-22 02:08:52', '2025-09-22 02:08:59'),
	(36, 24, 4, 10, 10.000000, 10.000000, '2025-09-22 02:09:24', '2025-09-22 02:09:29'),
	(37, 25, 4, 11, 6.000000, 0.000000, '2025-09-22 02:09:57', '2025-09-22 02:09:57');

-- Dumping structure for table ai_erp.checkin_det_sizes
CREATE TABLE IF NOT EXISTS `checkin_det_sizes` (
  `id` bigint NOT NULL AUTO_INCREMENT,
  `det_id` bigint NOT NULL,
  `size_id` int NOT NULL,
  `qty` decimal(18,6) NOT NULL DEFAULT '0.000000',
  PRIMARY KEY (`id`),
  KEY `det_id` (`det_id`),
  KEY `size_id` (`size_id`),
  CONSTRAINT `fk_checkin_det_sizes_det` FOREIGN KEY (`det_id`) REFERENCES `checkin_det` (`id`) ON DELETE CASCADE
) ENGINE=InnoDB AUTO_INCREMENT=96 DEFAULT CHARSET=utf8mb4 COLLATE=utf8mb4_0900_ai_ci;

-- Dumping data for table ai_erp.checkin_det_sizes: ~76 rows (approximately)
INSERT INTO `checkin_det_sizes` (`id`, `det_id`, `size_id`, `qty`) VALUES
	(8, 8, 1, 4.000000),
	(9, 8, 8, 4.000000),
	(10, 8, 9, 4.000000),
	(11, 10, 1, 4.000000),
	(12, 10, 8, 4.000000),
	(13, 10, 9, 4.000000),
	(26, 19, 1, 1.000000),
	(27, 19, 8, 1.000000),
	(28, 19, 9, 1.000000),
	(29, 20, 1, 1.000000),
	(30, 20, 8, 1.000000),
	(31, 20, 9, 1.000000),
	(32, 21, 1, 1.000000),
	(33, 21, 8, 1.000000),
	(34, 21, 9, 1.000000),
	(35, 21, 11, 2.000000),
	(36, 21, 12, 2.000000),
	(37, 21, 14, 1.000000),
	(38, 21, 15, 1.000000),
	(39, 21, 17, 1.000000),
	(40, 31, 1, 0.000000),
	(41, 31, 8, 0.000000),
	(42, 31, 9, 1.000000),
	(43, 31, 11, 1.000000),
	(44, 31, 12, 1.000000),
	(45, 31, 14, 0.000000),
	(46, 31, 15, 0.000000),
	(47, 31, 17, 0.000000),
	(48, 32, 1, 1.000000),
	(49, 32, 8, 1.000000),
	(50, 32, 9, 0.000000),
	(51, 32, 11, 1.000000),
	(52, 32, 12, 1.000000),
	(53, 32, 14, 1.000000),
	(54, 32, 15, 1.000000),
	(55, 32, 17, 1.000000),
	(56, 33, 1, 1.000000),
	(57, 33, 8, 1.000000),
	(58, 33, 9, 1.000000),
	(59, 33, 11, 2.000000),
	(60, 33, 12, 2.000000),
	(61, 33, 14, 1.000000),
	(62, 33, 15, 1.000000),
	(63, 33, 17, 1.000000),
	(64, 34, 1, 1.000000),
	(65, 34, 8, 1.000000),
	(66, 34, 9, 1.000000),
	(67, 34, 11, 2.000000),
	(68, 34, 12, 2.000000),
	(69, 34, 14, 1.000000),
	(70, 34, 15, 1.000000),
	(71, 34, 17, 1.000000),
	(72, 35, 1, 1.000000),
	(73, 35, 8, 1.000000),
	(74, 35, 9, 1.000000),
	(75, 35, 11, 2.000000),
	(76, 35, 12, 2.000000),
	(77, 35, 14, 1.000000),
	(78, 35, 15, 1.000000),
	(79, 35, 17, 1.000000),
	(80, 36, 1, 1.000000),
	(81, 36, 8, 1.000000),
	(82, 36, 9, 1.000000),
	(83, 36, 11, 2.000000),
	(84, 36, 12, 2.000000),
	(85, 36, 14, 1.000000),
	(86, 36, 15, 1.000000),
	(87, 36, 17, 1.000000),
	(88, 37, 1, 1.000000),
	(89, 37, 8, 1.000000),
	(90, 37, 9, 1.000000),
	(91, 37, 11, 0.000000),
	(92, 37, 12, 0.000000),
	(93, 37, 14, 1.000000),
	(94, 37, 15, 1.000000),
	(95, 37, 17, 1.000000);

-- Dumping structure for table ai_erp.checkin_hdr
CREATE TABLE IF NOT EXISTS `checkin_hdr` (
  `id` bigint NOT NULL AUTO_INCREMENT,
  `no_str` varchar(50) NOT NULL,
  `no_sj` varchar(50) DEFAULT NULL,
  `no_wo` varchar(50) NOT NULL,
  `arrival_date` date NOT NULL,
  `notes` text,
  `created_at` timestamp NULL DEFAULT CURRENT_TIMESTAMP,
  PRIMARY KEY (`id`),
  UNIQUE KEY `uq_no_str` (`no_str`)
) ENGINE=InnoDB AUTO_INCREMENT=26 DEFAULT CHARSET=utf8mb4 COLLATE=utf8mb4_0900_ai_ci;

-- Dumping data for table ai_erp.checkin_hdr: ~13 rows (approximately)
INSERT INTO `checkin_hdr` (`id`, `no_str`, `no_sj`, `no_wo`, `arrival_date`, `notes`, `created_at`) VALUES
	(3, 'STR-202509-0003', 'WH-AI-0004', 'wo-001', '2025-09-18', '', '2025-09-18 02:58:15'),
	(4, 'STR-202509-0002', 'WH-AI-0005', 'wo-001', '2025-09-23', '', '2025-09-21 20:26:25'),
	(12, 'STR-202509-0004', NULL, 'wo-001', '2025-09-22', 'Auto from PRODUCTION PRD-202509-0001', '2025-09-21 23:05:03'),
	(13, 'STR-202509-0005', NULL, 'wo-001', '2025-09-22', 'Auto from PRODUCTION PRD-202509-0002 (update)', '2025-09-21 23:05:21'),
	(16, 'STR-202509-0006', 'WH-AI-0001', 'wo-002', '2025-09-22', '', '2025-09-22 00:03:49'),
	(18, 'STR-202509-0007', '12313', 'wo-001', '2025-09-23', '', '2025-09-22 00:46:48'),
	(19, 'STR-202509-0008', 'PRD-202509-0003', 'wo-002', '2025-09-22', 'Auto from PRODUCTION PRD-202509-0003', '2025-09-22 01:14:09'),
	(20, 'STR-202509-0009', 'PRD-202509-0004', 'wo-002', '2025-09-22', 'Auto from PRODUCTION PRD-202509-0004 (update)', '2025-09-22 02:05:54'),
	(21, 'STR-202509-0010', 'PRD-202509-0005', 'wo-002', '2025-09-22', 'Auto from PRODUCTION PRD-202509-0005', '2025-09-22 02:06:25'),
	(22, 'STR-202509-0011', 'PRD-202509-0006', 'wo-002', '2025-09-22', 'Auto from PRODUCTION PRD-202509-0006', '2025-09-22 02:08:31'),
	(23, 'STR-202509-0012', 'PRD-202509-0007', 'wo-002', '2025-09-22', 'Auto from PRODUCTION PRD-202509-0007', '2025-09-22 02:08:52'),
	(24, 'STR-202509-0013', 'PRD-202509-0008', 'wo-002', '2025-09-22', 'Auto from PRODUCTION PRD-202509-0008', '2025-09-22 02:09:24'),
	(25, 'STR-202509-0014', 'PRD-202509-0009', 'wo-002', '2025-09-22', 'Auto from PRODUCTION PRD-202509-0009', '2025-09-22 02:09:57');

-- Dumping structure for table ai_erp.ci_sessions
CREATE TABLE IF NOT EXISTS `ci_sessions` (
  `id` varchar(40) CHARACTER SET utf8mb4 COLLATE utf8mb4_general_ci NOT NULL,
  `ip_address` varchar(45) CHARACTER SET utf8mb4 COLLATE utf8mb4_general_ci DEFAULT NULL,
  `timestamp` int unsigned NOT NULL DEFAULT '0',
  `data` blob NOT NULL,
  PRIMARY KEY (`id`)
) ENGINE=InnoDB DEFAULT CHARSET=utf8mb4 COLLATE=utf8mb4_general_ci;

-- Dumping data for table ai_erp.ci_sessions: ~65 rows (approximately)
INSERT INTO `ci_sessions` (`id`, `ip_address`, `timestamp`, `data`) VALUES
	('1c74ed5hihuckda48lqgfqtmpsbgp01i', '192.168.100.9', 1758766285, _binary 0x5f5f63695f6c6173745f726567656e65726174657c693a313735383736363237323b),
	('1ki181306dfd85k9qbiho8eb89dksjob', '::1', 1758616025, _binary 0x5f5f63695f6c6173745f726567656e65726174657c693a313735383631363032353b757365725f69647c733a323a223133223b757365726e616d657c733a353a226261676173223b656d61696c7c733a31343a2261646d696e406d61696c2e636f6d223b726f6c655f69647c733a313a2231223b696d6167657c733a31313a2264656661756c742e6a7067223b6c6f676765645f696e7c623a313b),
	('1q41maabf6p47bdm2u233rjkd74ur9p9', '::1', 1758788505, _binary 0x5f5f63695f6c6173745f726567656e65726174657c693a313735383738383530353b757365725f69647c733a323a223133223b757365726e616d657c733a353a226261676173223b656d61696c7c733a31343a2261646d696e406d61696c2e636f6d223b726f6c655f69647c733a313a2231223b696d6167657c733a31313a2264656661756c742e6a7067223b6c6f676765645f696e7c623a313b),
	('28vft9f6ofsmdegofcsib7pcimc7vi6n', '::1', 1758611540, _binary 0x5f5f63695f6c6173745f726567656e65726174657c693a313735383631313534303b757365725f69647c733a323a223133223b757365726e616d657c733a353a226261676173223b656d61696c7c733a31343a2261646d696e406d61696c2e636f6d223b726f6c655f69647c733a313a2231223b696d6167657c733a31313a2264656661756c742e6a7067223b6c6f676765645f696e7c623a313b),
	('2mijf1vm0bv03e3apd6s9ksaqnv8aj8q', '::1', 1758692986, _binary 0x5f5f63695f6c6173745f726567656e65726174657c693a313735383639323938363b757365725f69647c733a323a223133223b757365726e616d657c733a353a226261676173223b656d61696c7c733a31343a2261646d696e406d61696c2e636f6d223b726f6c655f69647c733a313a2231223b696d6167657c733a31313a2264656661756c742e6a7067223b6c6f676765645f696e7c623a313b),
	('39qm5fahuoktd1ehrfg00kcpctm405n9', '::1', 1758786110, _binary 0x5f5f63695f6c6173745f726567656e65726174657c693a313735383738363131303b757365725f69647c733a323a223133223b757365726e616d657c733a353a226261676173223b656d61696c7c733a31343a2261646d696e406d61696c2e636f6d223b726f6c655f69647c733a313a2231223b696d6167657c733a31313a2264656661756c742e6a7067223b6c6f676765645f696e7c623a313b6d6573736167657c733a32383a2244656665637420626572686173696c20646974616d6261686b616e2e223b5f5f63695f766172737c613a313a7b733a373a226d657373616765223b733a333a226f6c64223b7d),
	('3he23hctki7lo9gq8831dcc9111onh74', '::1', 1758694545, _binary 0x5f5f63695f6c6173745f726567656e65726174657c693a313735383639343534353b757365725f69647c733a323a223133223b757365726e616d657c733a353a226261676173223b656d61696c7c733a31343a2261646d696e406d61696c2e636f6d223b726f6c655f69647c733a313a2231223b696d6167657c733a31313a2264656661756c742e6a7067223b6c6f676765645f696e7c623a313b),
	('3ulu1rq2sga406um0ok8jkd08lm79nv8', '::1', 1758681373, _binary 0x5f5f63695f6c6173745f726567656e65726174657c693a313735383638313337333b757365725f69647c733a323a223133223b757365726e616d657c733a353a226261676173223b656d61696c7c733a31343a2261646d696e406d61696c2e636f6d223b726f6c655f69647c733a313a2231223b696d6167657c733a31313a2264656661756c742e6a7067223b6c6f676765645f696e7c623a313b),
	('5759dvke9eb9t8p7vrftrpb3auttg1kr', '::1', 1758783591, _binary 0x5f5f63695f6c6173745f726567656e65726174657c693a313735383738333539313b757365725f69647c733a323a223133223b757365726e616d657c733a353a226261676173223b656d61696c7c733a31343a2261646d696e406d61696c2e636f6d223b726f6c655f69647c733a313a2231223b696d6167657c733a31313a2264656661756c742e6a7067223b6c6f676765645f696e7c623a313b),
	('6dids4anaee0q6n087cl411cdacgfq2v', '::1', 1758785156, _binary 0x5f5f63695f6c6173745f726567656e65726174657c693a313735383738353135363b757365725f69647c733a323a223133223b757365726e616d657c733a353a226261676173223b656d61696c7c733a31343a2261646d696e406d61696c2e636f6d223b726f6c655f69647c733a313a2231223b696d6167657c733a31313a2264656661756c742e6a7067223b6c6f676765645f696e7c623a313b),
	('6lr2hd2gfilnfd6h9mc2fj8prdmljlpk', '::1', 1758701429, _binary 0x5f5f63695f6c6173745f726567656e65726174657c693a313735383730313432393b757365725f69647c733a323a223133223b757365726e616d657c733a353a226261676173223b656d61696c7c733a31343a2261646d696e406d61696c2e636f6d223b726f6c655f69647c733a313a2231223b696d6167657c733a31313a2264656661756c742e6a7067223b6c6f676765645f696e7c623a313b),
	('81tpfulssl8hhvb0tbnaaqlgd53bfgsl', '::1', 1758780303, _binary 0x5f5f63695f6c6173745f726567656e65726174657c693a313735383738303330333b757365725f69647c733a323a223133223b757365726e616d657c733a353a226261676173223b656d61696c7c733a31343a2261646d696e406d61696c2e636f6d223b726f6c655f69647c733a313a2231223b696d6167657c733a31313a2264656661756c742e6a7067223b6c6f676765645f696e7c623a313b),
	('87ngihecu1h40f52kuliuvhj4aq6dc1d', '::1', 1758784580, _binary 0x5f5f63695f6c6173745f726567656e65726174657c693a313735383738343538303b757365725f69647c733a323a223133223b757365726e616d657c733a353a226261676173223b656d61696c7c733a31343a2261646d696e406d61696c2e636f6d223b726f6c655f69647c733a313a2231223b696d6167657c733a31313a2264656661756c742e6a7067223b6c6f676765645f696e7c623a313b),
	('8b7mcjf2r2djt2ftgi6li719r6g4178k', '::1', 1758612268, _binary 0x5f5f63695f6c6173745f726567656e65726174657c693a313735383631323236383b757365725f69647c733a323a223133223b757365726e616d657c733a353a226261676173223b656d61696c7c733a31343a2261646d696e406d61696c2e636f6d223b726f6c655f69647c733a313a2231223b696d6167657c733a31313a2264656661756c742e6a7067223b6c6f676765645f696e7c623a313b),
	('8bar1c86nl6oulap3g7k4v2isp66pfiv', '::1', 1758619808, _binary 0x5f5f63695f6c6173745f726567656e65726174657c693a313735383631393830383b757365725f69647c733a323a223133223b757365726e616d657c733a353a226261676173223b656d61696c7c733a31343a2261646d696e406d61696c2e636f6d223b726f6c655f69647c733a313a2231223b696d6167657c733a31313a2264656661756c742e6a7067223b6c6f676765645f696e7c623a313b),
	('8ov4tfi1dmr6sdhbv5a518kdj2vtt9c7', '::1', 1758684034, _binary 0x5f5f63695f6c6173745f726567656e65726174657c693a313735383638343033343b757365725f69647c733a323a223133223b757365726e616d657c733a353a226261676173223b656d61696c7c733a31343a2261646d696e406d61696c2e636f6d223b726f6c655f69647c733a313a2231223b696d6167657c733a31313a2264656661756c742e6a7067223b6c6f676765645f696e7c623a313b),
	('8s6v7r2mq5gusefds0p58hotqp3gaspf', '::1', 1758707235, _binary 0x5f5f63695f6c6173745f726567656e65726174657c693a313735383730373131393b757365725f69647c733a323a223133223b757365726e616d657c733a353a226261676173223b656d61696c7c733a31343a2261646d696e406d61696c2e636f6d223b726f6c655f69647c733a313a2231223b696d6167657c733a31313a2264656661756c742e6a7067223b6c6f676765645f696e7c623a313b),
	('92p17eqgmsg4sgmqpc44c9hfjne85ibc', '::1', 1758614458, _binary 0x5f5f63695f6c6173745f726567656e65726174657c693a313735383631343435383b757365725f69647c733a323a223133223b757365726e616d657c733a353a226261676173223b656d61696c7c733a31343a2261646d696e406d61696c2e636f6d223b726f6c655f69647c733a313a2231223b696d6167657c733a31313a2264656661756c742e6a7067223b6c6f676765645f696e7c623a313b),
	('9amrageinb1datjp0a6pdmufpeuekiba', '::1', 1758707119, _binary 0x5f5f63695f6c6173745f726567656e65726174657c693a313735383730373131393b757365725f69647c733a323a223133223b757365726e616d657c733a353a226261676173223b656d61696c7c733a31343a2261646d696e406d61696c2e636f6d223b726f6c655f69647c733a313a2231223b696d6167657c733a31313a2264656661756c742e6a7067223b6c6f676765645f696e7c623a313b),
	('a5aoqcr0hfr1na43ucgeangfvrnifl27', '::1', 1759113062, _binary 0x5f5f63695f6c6173745f726567656e65726174657c693a313735393131323835333b757365725f69647c733a323a223133223b757365726e616d657c733a353a226261676173223b656d61696c7c733a31343a2261646d696e406d61696c2e636f6d223b726f6c655f69647c733a313a2231223b696d6167657c733a31313a2264656661756c742e6a7067223b6c6f676765645f696e7c623a313b),
	('aui2dmchi3cjm5dee9c4ablp5fb3ebst', '::1', 1758767292, _binary 0x5f5f63695f6c6173745f726567656e65726174657c693a313735383736373238303b757365725f69647c733a323a223133223b757365726e616d657c733a353a226261676173223b656d61696c7c733a31343a2261646d696e406d61696c2e636f6d223b726f6c655f69647c733a313a2231223b696d6167657c733a31313a2264656661756c742e6a7067223b6c6f676765645f696e7c623a313b),
	('b3435451i894d7g5qta7peelas6ckhb0', '::1', 1758766752, _binary 0x5f5f63695f6c6173745f726567656e65726174657c693a313735383736363735323b757365725f69647c733a323a223133223b757365726e616d657c733a353a226261676173223b656d61696c7c733a31343a2261646d696e406d61696c2e636f6d223b726f6c655f69647c733a313a2231223b696d6167657c733a31313a2264656661756c742e6a7067223b6c6f676765645f696e7c623a313b),
	('ber224j5l69bbmuoteh9t2j609dkkeof', '::1', 1758793069, _binary 0x5f5f63695f6c6173745f726567656e65726174657c693a313735383739333036393b757365725f69647c733a323a223133223b757365726e616d657c733a353a226261676173223b656d61696c7c733a31343a2261646d696e406d61696c2e636f6d223b726f6c655f69647c733a313a2231223b696d6167657c733a31313a2264656661756c742e6a7067223b6c6f676765645f696e7c623a313b),
	('d4iati2ctoo09r4df3m0141jk5e4kd8b', '::1', 1758785791, _binary 0x5f5f63695f6c6173745f726567656e65726174657c693a313735383738353739313b757365725f69647c733a323a223133223b757365726e616d657c733a353a226261676173223b656d61696c7c733a31343a2261646d696e406d61696c2e636f6d223b726f6c655f69647c733a313a2231223b696d6167657c733a31313a2264656661756c742e6a7067223b6c6f676765645f696e7c623a313b),
	('dtpt9o2h0ga62u10kp9kn08h3j55s522', '::1', 1758612592, _binary 0x5f5f63695f6c6173745f726567656e65726174657c693a313735383631323539323b757365725f69647c733a323a223133223b757365726e616d657c733a353a226261676173223b656d61696c7c733a31343a2261646d696e406d61696c2e636f6d223b726f6c655f69647c733a313a2231223b696d6167657c733a31313a2264656661756c742e6a7067223b6c6f676765645f696e7c623a313b),
	('e9817dutos153sj45fgocfl59hd07l80', '::1', 1758789987, _binary 0x5f5f63695f6c6173745f726567656e65726174657c693a313735383738393938373b757365725f69647c733a323a223133223b757365726e616d657c733a353a226261676173223b656d61696c7c733a31343a2261646d696e406d61696c2e636f6d223b726f6c655f69647c733a313a2231223b696d6167657c733a31313a2264656661756c742e6a7067223b6c6f676765645f696e7c623a313b),
	('f1hdf2tc7pdd9v8pmqo6oqb12iildv15', '::1', 1758787454, _binary 0x5f5f63695f6c6173745f726567656e65726174657c693a313735383738373230363b757365725f69647c733a323a223133223b757365726e616d657c733a353a226261676173223b656d61696c7c733a31343a2261646d696e406d61696c2e636f6d223b726f6c655f69647c733a313a2231223b696d6167657c733a31313a2264656661756c742e6a7067223b6c6f676765645f696e7c623a313b),
	('fc2qib04qjt4l7epvfvteiosovhvhr22', '::1', 1758620321, _binary 0x5f5f63695f6c6173745f726567656e65726174657c693a313735383632303332313b757365725f69647c733a323a223133223b757365726e616d657c733a353a226261676173223b656d61696c7c733a31343a2261646d696e406d61696c2e636f6d223b726f6c655f69647c733a313a2231223b696d6167657c733a31313a2264656661756c742e6a7067223b6c6f676765645f696e7c623a313b),
	('fvvrblh9h4b42jmm7q8dugroppg8ahrq', '::1', 1758767018, _binary 0x5f5f63695f6c6173745f726567656e65726174657c693a313735383736363735323b757365725f69647c733a323a223133223b757365726e616d657c733a353a226261676173223b656d61696c7c733a31343a2261646d696e406d61696c2e636f6d223b726f6c655f69647c733a313a2231223b696d6167657c733a31313a2264656661756c742e6a7067223b6c6f676765645f696e7c623a313b),
	('g2tud3cb25il7iehtq5ekdpb58fnuoq6', '::1', 1758706800, _binary 0x5f5f63695f6c6173745f726567656e65726174657c693a313735383730363830303b757365725f69647c733a323a223133223b757365726e616d657c733a353a226261676173223b656d61696c7c733a31343a2261646d696e406d61696c2e636f6d223b726f6c655f69647c733a313a2231223b696d6167657c733a31313a2264656661756c742e6a7067223b6c6f676765645f696e7c623a313b),
	('g9r79d4bdvcsg5kj2kfkfjle090la1r0', '::1', 1758703199, _binary 0x5f5f63695f6c6173745f726567656e65726174657c693a313735383730333139393b757365725f69647c733a323a223133223b757365726e616d657c733a353a226261676173223b656d61696c7c733a31343a2261646d696e406d61696c2e636f6d223b726f6c655f69647c733a313a2231223b696d6167657c733a31313a2264656661756c742e6a7067223b6c6f676765645f696e7c623a313b),
	('gcgldf828us2856j4lot9jbg0btchhfj', '::1', 1758768902, _binary 0x5f5f63695f6c6173745f726567656e65726174657c693a313735383736383730343b757365725f69647c733a323a223133223b757365726e616d657c733a353a226261676173223b656d61696c7c733a31343a2261646d696e406d61696c2e636f6d223b726f6c655f69647c733a313a2231223b696d6167657c733a31313a2264656661756c742e6a7067223b6c6f676765645f696e7c623a313b),
	('gtani9jj7vbsduk5ro9cgvna2oi0m0l9', '::1', 1758616433, _binary 0x5f5f63695f6c6173745f726567656e65726174657c693a313735383631363335323b757365725f69647c733a323a223133223b757365726e616d657c733a353a226261676173223b656d61696c7c733a31343a2261646d696e406d61696c2e636f6d223b726f6c655f69647c733a313a2231223b696d6167657c733a31313a2264656661756c742e6a7067223b6c6f676765645f696e7c623a313b),
	('hc7p9o98s2vs4fa6d450i0avimrc4vmk', '::1', 1758766362, _binary 0x5f5f63695f6c6173745f726567656e65726174657c693a313735383736363336323b757365725f69647c733a323a223133223b757365726e616d657c733a353a226261676173223b656d61696c7c733a31343a2261646d696e406d61696c2e636f6d223b726f6c655f69647c733a313a2231223b696d6167657c733a31313a2264656661756c742e6a7067223b6c6f676765645f696e7c623a313b),
	('hgm70be3svt7oemgj6vnlam0p5odpp1k', '::1', 1758785459, _binary 0x5f5f63695f6c6173745f726567656e65726174657c693a313735383738353435393b757365725f69647c733a323a223133223b757365726e616d657c733a353a226261676173223b656d61696c7c733a31343a2261646d696e406d61696c2e636f6d223b726f6c655f69647c733a313a2231223b696d6167657c733a31313a2264656661756c742e6a7067223b6c6f676765645f696e7c623a313b),
	('ik9l6ck72hai0np5sijn4tta4ork96pn', '::1', 1758621146, _binary 0x5f5f63695f6c6173745f726567656e65726174657c693a313735383632313134363b757365725f69647c733a323a223133223b757365726e616d657c733a353a226261676173223b656d61696c7c733a31343a2261646d696e406d61696c2e636f6d223b726f6c655f69647c733a313a2231223b696d6167657c733a31313a2264656661756c742e6a7067223b6c6f676765645f696e7c623a313b),
	('lle05v7buqhtccc74h7ln5sogq7gqoac', '::1', 1758779973, _binary 0x5f5f63695f6c6173745f726567656e65726174657c693a313735383737393937333b757365725f69647c733a323a223133223b757365726e616d657c733a353a226261676173223b656d61696c7c733a31343a2261646d696e406d61696c2e636f6d223b726f6c655f69647c733a313a2231223b696d6167657c733a31313a2264656661756c742e6a7067223b6c6f676765645f696e7c623a313b6d6573736167657c733a32383a2244656665637420626572686173696c20646974616d6261686b616e2e223b5f5f63695f766172737c613a313a7b733a373a226d657373616765223b733a333a226f6c64223b7d),
	('m1i55c7ek3mv0p5ra5bb17v58oqnbub6', '::1', 1758702834, _binary 0x5f5f63695f6c6173745f726567656e65726174657c693a313735383730323833343b757365725f69647c733a323a223133223b757365726e616d657c733a353a226261676173223b656d61696c7c733a31343a2261646d696e406d61696c2e636f6d223b726f6c655f69647c733a313a2231223b696d6167657c733a31313a2264656661756c742e6a7067223b6c6f676765645f696e7c623a313b),
	('m29hm667f23uo7e76r2qm6tmhtetr9jm', '::1', 1758780820, _binary 0x5f5f63695f6c6173745f726567656e65726174657c693a313735383738303832303b757365725f69647c733a323a223133223b757365726e616d657c733a353a226261676173223b656d61696c7c733a31343a2261646d696e406d61696c2e636f6d223b726f6c655f69647c733a313a2231223b696d6167657c733a31313a2264656661756c742e6a7067223b6c6f676765645f696e7c623a313b),
	('maf367fm26mav5g8o1g2ppn8qlqrcls0', '::1', 1758793570, _binary 0x5f5f63695f6c6173745f726567656e65726174657c693a313735383739333537303b757365725f69647c733a323a223133223b757365726e616d657c733a353a226261676173223b656d61696c7c733a31343a2261646d696e406d61696c2e636f6d223b726f6c655f69647c733a313a2231223b696d6167657c733a31313a2264656661756c742e6a7067223b6c6f676765645f696e7c623a313b),
	('mbl3c5jgqqtlsg6rfufng1pre6nc5oih', '::1', 1758695038, _binary 0x5f5f63695f6c6173745f726567656e65726174657c693a313735383639353033383b757365725f69647c733a323a223133223b757365726e616d657c733a353a226261676173223b656d61696c7c733a31343a2261646d696e406d61696c2e636f6d223b726f6c655f69647c733a313a2231223b696d6167657c733a31313a2264656661756c742e6a7067223b6c6f676765645f696e7c623a313b),
	('nbgpt4j1hoas4edcaa7pbkdeunng3lqg', '::1', 1758793592, _binary 0x5f5f63695f6c6173745f726567656e65726174657c693a313735383739333537303b757365725f69647c733a323a223133223b757365726e616d657c733a353a226261676173223b656d61696c7c733a31343a2261646d696e406d61696c2e636f6d223b726f6c655f69647c733a313a2231223b696d6167657c733a31313a2264656661756c742e6a7067223b6c6f676765645f696e7c623a313b),
	('nc3smkc0o38bmgfm502k9r2k8umogkcj', '::1', 1758781405, _binary 0x5f5f63695f6c6173745f726567656e65726174657c693a313735383738313430353b757365725f69647c733a323a223133223b757365726e616d657c733a353a226261676173223b656d61696c7c733a31343a2261646d696e406d61696c2e636f6d223b726f6c655f69647c733a313a2231223b696d6167657c733a31313a2264656661756c742e6a7067223b6c6f676765645f696e7c623a313b),
	('nijfjlrc5qijtte2cpvrhfi4njnesguv', '::1', 1758683589, _binary 0x5f5f63695f6c6173745f726567656e65726174657c693a313735383638333538393b757365725f69647c733a323a223133223b757365726e616d657c733a353a226261676173223b656d61696c7c733a31343a2261646d696e406d61696c2e636f6d223b726f6c655f69647c733a313a2231223b696d6167657c733a31313a2264656661756c742e6a7067223b6c6f676765645f696e7c623a313b),
	('njmcsrqp6c55bi3k56vn966qo2ppou4v', '::1', 1758621146, _binary 0x5f5f63695f6c6173745f726567656e65726174657c693a313735383632313134363b757365725f69647c733a323a223133223b757365726e616d657c733a353a226261676173223b656d61696c7c733a31343a2261646d696e406d61696c2e636f6d223b726f6c655f69647c733a313a2231223b696d6167657c733a31313a2264656661756c742e6a7067223b6c6f676765645f696e7c623a313b),
	('np3jqv0pi2mub6801mbaso5357g879ll', '::1', 1758791799, _binary 0x5f5f63695f6c6173745f726567656e65726174657c693a313735383739313739393b757365725f69647c733a323a223133223b757365726e616d657c733a353a226261676173223b656d61696c7c733a31343a2261646d696e406d61696c2e636f6d223b726f6c655f69647c733a313a2231223b696d6167657c733a31313a2264656661756c742e6a7067223b6c6f676765645f696e7c623a313b),
	('npmurlq89b83t8bog4r95r2p3joj3ntf', '::1', 1758782463, _binary 0x5f5f63695f6c6173745f726567656e65726174657c693a313735383738323436333b757365725f69647c733a323a223133223b757365726e616d657c733a353a226261676173223b656d61696c7c733a31343a2261646d696e406d61696c2e636f6d223b726f6c655f69647c733a313a2231223b696d6167657c733a31313a2264656661756c742e6a7067223b6c6f676765645f696e7c623a313b),
	('nu1k81pmmaivv04dgulf178c8ujsrh2h', '::1', 1758613492, _binary 0x5f5f63695f6c6173745f726567656e65726174657c693a313735383631333439323b757365725f69647c733a323a223133223b757365726e616d657c733a353a226261676173223b656d61696c7c733a31343a2261646d696e406d61696c2e636f6d223b726f6c655f69647c733a313a2231223b696d6167657c733a31313a2264656661756c742e6a7067223b6c6f676765645f696e7c623a313b),
	('ojidpmh5q6a9p4bc8ljs5gav8lblijqr', '::1', 1758784053, _binary 0x5f5f63695f6c6173745f726567656e65726174657c693a313735383738343035333b757365725f69647c733a323a223133223b757365726e616d657c733a353a226261676173223b656d61696c7c733a31343a2261646d696e406d61696c2e636f6d223b726f6c655f69647c733a313a2231223b696d6167657c733a31313a2264656661756c742e6a7067223b6c6f676765645f696e7c623a313b),
	('p374s6t6qt4ra218foolme8o0i7jq78g', '::1', 1758688321, _binary 0x5f5f63695f6c6173745f726567656e65726174657c693a313735383638383332313b757365725f69647c733a323a223133223b757365726e616d657c733a353a226261676173223b656d61696c7c733a31343a2261646d696e406d61696c2e636f6d223b726f6c655f69647c733a313a2231223b696d6167657c733a31313a2264656661756c742e6a7067223b6c6f676765645f696e7c623a313b),
	('q3il0s4fdvlo7nfptq5mbc6lll4d1urd', '::1', 1758786718, _binary 0x5f5f63695f6c6173745f726567656e65726174657c693a313735383738363731383b757365725f69647c733a323a223133223b757365726e616d657c733a353a226261676173223b656d61696c7c733a31343a2261646d696e406d61696c2e636f6d223b726f6c655f69647c733a313a2231223b696d6167657c733a31313a2264656661756c742e6a7067223b6c6f676765645f696e7c623a313b),
	('q5uoj2loaqbtq332rrpf967dg8cmqioq', '::1', 1758766060, _binary 0x5f5f63695f6c6173745f726567656e65726174657c693a313735383736363036303b757365725f69647c733a323a223133223b757365726e616d657c733a353a226261676173223b656d61696c7c733a31343a2261646d696e406d61696c2e636f6d223b726f6c655f69647c733a313a2231223b696d6167657c733a31313a2264656661756c742e6a7067223b6c6f676765645f696e7c623a313b),
	('q9hnp6mpc2tnd1rbo4hp8opebu1bjq7e', '::1', 1758614915, _binary 0x5f5f63695f6c6173745f726567656e65726174657c693a313735383631343931353b757365725f69647c733a323a223133223b757365726e616d657c733a353a226261676173223b656d61696c7c733a31343a2261646d696e406d61696c2e636f6d223b726f6c655f69647c733a313a2231223b696d6167657c733a31313a2264656661756c742e6a7067223b6c6f676765645f696e7c623a313b6d6573736167657c733a32373a22446174612053504b2044656665637420646970657262617275692e223b5f5f63695f766172737c613a313a7b733a373a226d657373616765223b733a333a226f6c64223b7d),
	('qapco56d76htknr9m7ljui0q77t4r9bs', '::1', 1758781809, _binary 0x5f5f63695f6c6173745f726567656e65726174657c693a313735383738313830393b757365725f69647c733a323a223133223b757365726e616d657c733a353a226261676173223b656d61696c7c733a31343a2261646d696e406d61696c2e636f6d223b726f6c655f69647c733a313a2231223b696d6167657c733a31313a2264656661756c742e6a7067223b6c6f676765645f696e7c623a313b),
	('qg8hqk1tv4mj2kncc6duui2hoa5a2imv', '::1', 1758687223, _binary 0x5f5f63695f6c6173745f726567656e65726174657c693a313735383638373232333b757365725f69647c733a323a223133223b757365726e616d657c733a353a226261676173223b656d61696c7c733a31343a2261646d696e406d61696c2e636f6d223b726f6c655f69647c733a313a2231223b696d6167657c733a31313a2264656661756c742e6a7067223b6c6f676765645f696e7c623a313b),
	('qiqfotloanuq6srq9qjui4c7ecvk08r6', '::1', 1758616352, _binary 0x5f5f63695f6c6173745f726567656e65726174657c693a313735383631363335323b757365725f69647c733a323a223133223b757365726e616d657c733a353a226261676173223b656d61696c7c733a31343a2261646d696e406d61696c2e636f6d223b726f6c655f69647c733a313a2231223b696d6167657c733a31313a2264656661756c742e6a7067223b6c6f676765645f696e7c623a313b6d6573736167657c733a32343a22446174612064656665637420646974616d6261686b616e2e223b5f5f63695f766172737c613a313a7b733a373a226d657373616765223b733a333a226f6c64223b7d),
	('rb4qj8tngrr6n18jsufr4laj02qg9v3n', '::1', 1758681045, _binary 0x5f5f63695f6c6173745f726567656e65726174657c693a313735383638313034353b757365725f69647c733a323a223133223b757365726e616d657c733a353a226261676173223b656d61696c7c733a31343a2261646d696e406d61696c2e636f6d223b726f6c655f69647c733a313a2231223b696d6167657c733a31313a2264656661756c742e6a7067223b6c6f676765645f696e7c623a313b),
	('rgsb7r6ne5pd8a00avj4rvd11qbl93gm', '::1', 1758705777, _binary 0x5f5f63695f6c6173745f726567656e65726174657c693a313735383730353737373b757365725f69647c733a323a223133223b757365726e616d657c733a353a226261676173223b656d61696c7c733a31343a2261646d696e406d61696c2e636f6d223b726f6c655f69647c733a313a2231223b696d6167657c733a31313a2264656661756c742e6a7067223b6c6f676765645f696e7c623a313b),
	('sah34spd9m4sun0ari3enq43k9squq12', '::1', 1758856785, _binary 0x5f5f63695f6c6173745f726567656e65726174657c693a313735383835363738313b757365725f69647c733a323a223133223b757365726e616d657c733a353a226261676173223b656d61696c7c733a31343a2261646d696e406d61696c2e636f6d223b726f6c655f69647c733a313a2231223b696d6167657c733a31313a2264656661756c742e6a7067223b6c6f676765645f696e7c623a313b),
	('sf2ul0uoqqq7ejdsjj92pacvif2tr35i', '::1', 1758611874, _binary 0x5f5f63695f6c6173745f726567656e65726174657c693a313735383631313837343b757365725f69647c733a323a223133223b757365726e616d657c733a353a226261676173223b656d61696c7c733a31343a2261646d696e406d61696c2e636f6d223b726f6c655f69647c733a313a2231223b696d6167657c733a31313a2264656661756c742e6a7067223b6c6f676765645f696e7c623a313b),
	('ternhua6n6p44ct7f05rgd6ain8fuivp', '::1', 1758787206, _binary 0x5f5f63695f6c6173745f726567656e65726174657c693a313735383738373230363b757365725f69647c733a323a223133223b757365726e616d657c733a353a226261676173223b656d61696c7c733a31343a2261646d696e406d61696c2e636f6d223b726f6c655f69647c733a313a2231223b696d6167657c733a31313a2264656661756c742e6a7067223b6c6f676765645f696e7c623a313b6d6573736167657c733a32343a2251747920626572686173696c20646970657262617275692e223b5f5f63695f766172737c613a313a7b733a373a226d657373616765223b733a333a226f6c64223b7d),
	('u5lb6p6hsc77evnebk8eqcjbegmtm3vp', '::1', 1758856781, _binary 0x5f5f63695f6c6173745f726567656e65726174657c693a313735383835363738313b757365725f69647c733a323a223133223b757365726e616d657c733a353a226261676173223b656d61696c7c733a31343a2261646d696e406d61696c2e636f6d223b726f6c655f69647c733a313a2231223b696d6167657c733a31313a2264656661756c742e6a7067223b6c6f676765645f696e7c623a313b),
	('utcal45cnl9d1586eaosbipc99ubr2t8', '::1', 1758703798, _binary 0x5f5f63695f6c6173745f726567656e65726174657c693a313735383730333739383b757365725f69647c733a323a223133223b757365726e616d657c733a353a226261676173223b656d61696c7c733a31343a2261646d696e406d61696c2e636f6d223b726f6c655f69647c733a313a2231223b696d6167657c733a31313a2264656661756c742e6a7067223b6c6f676765645f696e7c623a313b),
	('ve5jfvkb454dghirsspb8imkfg7nio8v', '::1', 1758783162, _binary 0x5f5f63695f6c6173745f726567656e65726174657c693a313735383738333136323b757365725f69647c733a323a223133223b757365726e616d657c733a353a226261676173223b656d61696c7c733a31343a2261646d696e406d61696c2e636f6d223b726f6c655f69647c733a313a2231223b696d6167657c733a31313a2264656661756c742e6a7067223b6c6f676765645f696e7c623a313b),
	('vl3m6c35ar126534eb3iqqgr3ubco4j4', '::1', 1758705309, _binary 0x5f5f63695f6c6173745f726567656e65726174657c693a313735383730353330393b757365725f69647c733a323a223133223b757365726e616d657c733a353a226261676173223b656d61696c7c733a31343a2261646d696e406d61696c2e636f6d223b726f6c655f69647c733a313a2231223b696d6167657c733a31313a2264656661756c742e6a7067223b6c6f676765645f696e7c623a313b);

-- Dumping structure for table ai_erp.data_count_defect
CREATE TABLE IF NOT EXISTS `data_count_defect` (
  `id` int NOT NULL AUTO_INCREMENT,
  `id_defect` int DEFAULT NULL,
  `id_df` int DEFAULT NULL,
  `brand` varchar(50) DEFAULT NULL,
  `nama_defect` varchar(50) DEFAULT NULL,
  `qty` int DEFAULT NULL,
  PRIMARY KEY (`id`),
  KEY `id_dfariat` (`id_df`) USING BTREE,
  KEY `id_defect` (`id_defect`)
) ENGINE=InnoDB AUTO_INCREMENT=10 DEFAULT CHARSET=utf8mb4 COLLATE=utf8mb4_0900_ai_ci;

-- Dumping data for table ai_erp.data_count_defect: ~7 rows (approximately)
INSERT INTO `data_count_defect` (`id`, `id_defect`, `id_df`, `brand`, `nama_defect`, `qty`) VALUES
	(3, 3, 39, 'ARIAT', 'POOR LEATHER', 3),
	(4, 4, 39, 'ARIAT', 'OFF CENTER', 1),
	(5, 5, 39, 'ARIAT', 'STAIN', 1),
	(6, 3, 40, 'ARIAT', 'POOR LEATHER', 2),
	(7, 4, 40, 'ARIAT', 'OFF CENTER', 3),
	(8, 5, 40, 'ARIAT', 'STAIN', 2),
	(9, 6, 40, 'ARIAT', 'contoh', 1);

-- Dumping structure for table ai_erp.data_defect
CREATE TABLE IF NOT EXISTS `data_defect` (
  `id_defect` int NOT NULL AUTO_INCREMENT,
  `nama_defect` varchar(100) CHARACTER SET utf8mb4 COLLATE utf8mb4_0900_ai_ci DEFAULT NULL,
  `brand` varchar(100) DEFAULT NULL,
  `desc_database` varchar(50) CHARACTER SET utf8mb4 COLLATE utf8mb4_0900_ai_ci DEFAULT NULL,
  `created_at` datetime DEFAULT NULL,
  PRIMARY KEY (`id_defect`),
  UNIQUE KEY `nama_defect` (`nama_defect`)
) ENGINE=InnoDB AUTO_INCREMENT=7 DEFAULT CHARSET=utf8mb4 COLLATE=utf8mb4_0900_ai_ci;

-- Dumping data for table ai_erp.data_defect: ~4 rows (approximately)
INSERT INTO `data_defect` (`id_defect`, `nama_defect`, `brand`, `desc_database`, `created_at`) VALUES
	(3, 'POOR LEATHER', 'ARIAT', 'poor_leather', '2025-09-23 08:32:49'),
	(4, 'OFF CENTER', 'ARIAT', 'off_center', '2025-09-23 08:42:48'),
	(5, 'STAIN', 'ARIAT', 'stain', '2025-09-24 02:36:27'),
	(6, 'contoh', 'ARIAT', 'contoh', '2025-09-25 07:41:14');

-- Dumping structure for table ai_erp.defect_spk
CREATE TABLE IF NOT EXISTS `defect_spk` (
  `id_spk` int NOT NULL AUTO_INCREMENT,
  `po_number` varchar(128) CHARACTER SET utf8mb4 COLLATE utf8mb4_general_ci NOT NULL,
  `xfd` date NOT NULL,
  `brand` varchar(128) CHARACTER SET utf8mb4 COLLATE utf8mb4_general_ci NOT NULL,
  `artcolor_name` varchar(128) CHARACTER SET utf8mb4 COLLATE utf8mb4_general_ci NOT NULL,
  `total_qty` varchar(128) CHARACTER SET utf8mb4 COLLATE utf8mb4_general_ci NOT NULL,
  `created_at` datetime DEFAULT NULL,
  KEY `id_spk` (`id_spk`) USING BTREE
) ENGINE=InnoDB AUTO_INCREMENT=3 DEFAULT CHARSET=utf8mb4 COLLATE=utf8mb4_general_ci ROW_FORMAT=DYNAMIC;

-- Dumping data for table ai_erp.defect_spk: ~2 rows (approximately)
INSERT INTO `defect_spk` (`id_spk`, `po_number`, `xfd`, `brand`, `artcolor_name`, `total_qty`, `created_at`) VALUES
	(1, '343424223', '1111-11-11', 'ARIAT', '10074223 GREY HIPPO PRINT / BURGUNDY HAZE', '1001', '2025-09-23 08:05:45'),
	(2, '4500182604', '2222-02-22', 'ARIAT', '10016292 BLACK DEERTAN', '91', '2025-09-23 08:08:56');

-- Dumping structure for table ai_erp.departements
CREATE TABLE IF NOT EXISTS `departements` (
  `id` int NOT NULL AUTO_INCREMENT,
  `code` varchar(20) CHARACTER SET utf8mb4 COLLATE utf8mb4_general_ci NOT NULL,
  `name` varchar(100) CHARACTER SET utf8mb4 COLLATE utf8mb4_general_ci NOT NULL,
  `description` text CHARACTER SET utf8mb4 COLLATE utf8mb4_general_ci,
  PRIMARY KEY (`id`),
  UNIQUE KEY `code` (`code`)
) ENGINE=InnoDB AUTO_INCREMENT=8 DEFAULT CHARSET=utf8mb4 COLLATE=utf8mb4_general_ci;

-- Dumping data for table ai_erp.departements: ~7 rows (approximately)
INSERT INTO `departements` (`id`, `code`, `name`, `description`) VALUES
	(1, 'CTC', 'CUTTING', 'CUTTING'),
	(2, 'SEW', 'SEWING', 'SEWING'),
	(3, 'SMW', 'SEMI WAREHOUSE', 'SEMI WAREHOUSE'),
	(4, 'LAST', 'LASTING', 'LASTING'),
	(5, 'FH', 'FINISHING', 'FINISHING'),
	(6, 'PAK', 'PACKAGING', 'PACKAGING'),
	(7, 'WH', 'WAREHOUSE', 'WAREHOUSE');

-- Dumping structure for table ai_erp.department_workflows
CREATE TABLE IF NOT EXISTS `department_workflows` (
  `id` int NOT NULL AUTO_INCREMENT,
  `from_dept_id` int NOT NULL,
  `to_dept_id` int NOT NULL,
  PRIMARY KEY (`id`),
  UNIQUE KEY `uq_from` (`from_dept_id`),
  KEY `to_dept_id` (`to_dept_id`),
  CONSTRAINT `department_workflows_ibfk_1` FOREIGN KEY (`from_dept_id`) REFERENCES `departements` (`id`) ON DELETE CASCADE,
  CONSTRAINT `department_workflows_ibfk_2` FOREIGN KEY (`to_dept_id`) REFERENCES `departements` (`id`) ON DELETE CASCADE
) ENGINE=InnoDB AUTO_INCREMENT=9 DEFAULT CHARSET=utf8mb4 COLLATE=utf8mb4_general_ci;

-- Dumping data for table ai_erp.department_workflows: ~6 rows (approximately)
INSERT INTO `department_workflows` (`id`, `from_dept_id`, `to_dept_id`) VALUES
	(3, 1, 2),
	(4, 2, 3),
	(5, 3, 4),
	(6, 4, 5),
	(7, 5, 6),
	(8, 6, 7);

-- Dumping structure for table ai_erp.items
CREATE TABLE IF NOT EXISTS `items` (
  `id` bigint NOT NULL AUTO_INCREMENT,
  `item_code` varchar(50) CHARACTER SET utf8mb4 COLLATE utf8mb4_general_ci NOT NULL,
  `item_name` varchar(150) CHARACTER SET utf8mb4 COLLATE utf8mb4_general_ci NOT NULL,
  `item_type` enum('FG','SFG','RAW') CHARACTER SET utf8mb4 COLLATE utf8mb4_general_ci NOT NULL,
  `category_id` bigint DEFAULT NULL,
  `unit_id` bigint NOT NULL,
  `brand_id` bigint DEFAULT NULL,
  `is_active` tinyint(1) DEFAULT '1',
  `created_at` timestamp NULL DEFAULT CURRENT_TIMESTAMP,
  `updated_at` timestamp NULL DEFAULT NULL ON UPDATE CURRENT_TIMESTAMP,
  PRIMARY KEY (`id`),
  UNIQUE KEY `item_code` (`item_code`),
  KEY `idx_items_type` (`item_type`),
  KEY `idx_items_cat` (`category_id`),
  KEY `idx_items_brand` (`brand_id`)
) ENGINE=InnoDB AUTO_INCREMENT=250 DEFAULT CHARSET=utf8mb4 COLLATE=utf8mb4_general_ci;

-- Dumping data for table ai_erp.items: ~247 rows (approximately)
INSERT INTO `items` (`id`, `item_code`, `item_name`, `item_type`, `category_id`, `unit_id`, `brand_id`, `is_active`, `created_at`, `updated_at`) VALUES
	(1, 'FG-BS-01', 'Finish Goods Blackstone', 'FG', 3, 2, 1, 1, '2025-09-17 04:06:46', NULL),
	(2, 'FG-RS-01', 'Finish Goods Rossi', 'FG', 3, 2, 2, 1, '2025-09-17 04:10:25', '2025-09-17 09:30:05'),
	(3, 'FG-AR-01', 'Finish Goods Ariat', 'FG', 3, 2, 3, 1, '2025-09-17 04:10:25', '2025-09-17 09:30:07'),
	(6, 'SFG-BS-01', 'Half Finish Goods Cutting', 'SFG', 2, 2, 1, 1, '2025-09-17 04:39:52', NULL),
	(7, 'SFG-BS-02', 'Half Finish Goods Sewing', 'SFG', 2, 2, 1, 1, '2025-09-17 04:39:52', NULL),
	(8, 'SFG-BS-03', 'Half Finish Goods Semi', 'SFG', 2, 2, 1, 1, '2025-09-17 04:39:52', NULL),
	(9, 'SFG-BS-04', 'Half Finish Goods Lasting', 'SFG', 2, 2, 1, 1, '2025-09-17 04:39:52', NULL),
	(10, 'SFG-BS-05', 'Half Finish Goods Finishing', 'SFG', 2, 2, 1, 1, '2025-09-17 04:39:52', NULL),
	(11, 'SFG-BS-06', 'Half Finish Goods Packaging', 'SFG', 2, 2, 1, 1, '2025-09-17 04:39:52', NULL),
	(12, 'SFG-RS-01', 'Half Finish Goods Cutting', 'SFG', 2, 2, 2, 1, '2025-09-17 04:39:52', NULL),
	(13, 'SFG-RS-02', 'Half Finish Goods Sewing', 'SFG', 2, 2, 2, 1, '2025-09-17 04:39:52', NULL),
	(14, 'SFG-RS-03', 'Half Finish Goods Semi', 'SFG', 2, 2, 2, 1, '2025-09-17 04:39:52', NULL),
	(15, 'SFG-RS-04', 'Half Finish Goods Lasting', 'SFG', 2, 2, 2, 1, '2025-09-17 04:39:52', NULL),
	(16, 'SFG-RS-05', 'Half Finish Goods Finishing', 'SFG', 2, 2, 2, 1, '2025-09-17 04:39:52', NULL),
	(17, 'SFG-RS-06', 'Half Finish Goods Packaging', 'SFG', 2, 2, 2, 1, '2025-09-17 04:39:52', NULL),
	(18, 'SFG-AR-01', 'Half Finish Goods Cutting', 'SFG', 2, 2, 3, 1, '2025-09-17 04:39:52', NULL),
	(19, 'SFG-AR-02', 'Half Finish Goods Sewing', 'SFG', 2, 2, 3, 1, '2025-09-17 04:39:52', NULL),
	(20, 'SFG-AR-03', 'Half Finish Goods Semi', 'SFG', 2, 2, 3, 1, '2025-09-17 04:39:52', NULL),
	(21, 'SFG-AR-04', 'Half Finish Goods Lasting', 'SFG', 2, 2, 3, 1, '2025-09-17 04:39:52', NULL),
	(22, 'SFG-AR-05', 'Half Finish Goods Finishing', 'SFG', 2, 2, 3, 1, '2025-09-17 04:39:52', NULL),
	(23, 'SFG-AR-06', 'Half Finish Goods Packaging', 'SFG', 2, 2, 3, 1, '2025-09-17 04:39:52', NULL),
	(24, 'RAW-01', 'BLACK KIP (HARVEST GLORY)', 'RAW', 1, 1, NULL, 1, '2025-09-17 04:39:52', NULL),
	(25, 'RAW-02', 'TEXON T-480 2.7 MM', 'RAW', 1, 11, NULL, 1, '2025-09-17 04:39:52', NULL),
	(26, 'RAW-03', 'EVA 2 MM HD 35 - 40 MM', 'RAW', 1, 5, NULL, 1, '2025-09-17 04:39:52', NULL),
	(27, 'RAW-04', 'TEXON G 565 (N587)', 'RAW', 1, 11, NULL, 1, '2025-09-17 04:39:52', NULL),
	(28, 'RAW-05', 'TEXON RITE 1.5 MM', 'RAW', 1, 11, NULL, 1, '2025-09-17 04:39:52', NULL),
	(29, 'RAW-06', 'POLYURETHANE SYNTHETIC LEATHER 0.8 - 1.0 MM (H-8080)', 'RAW', 1, 5, NULL, 1, '2025-09-17 04:39:52', NULL),
	(30, 'RAW-07', 'SATIN LABEL AS/NZS 2210.5.2019 EN ISO 20347:2012 BMP 714442, 714443 OCCUPATIONAL BOOT', 'RAW', 1, 14, NULL, 1, '2025-09-17 04:39:52', NULL),
	(31, 'RAW-08', 'SATIN SIZE + STYLE', 'RAW', 1, 14, NULL, 1, '2025-09-17 04:39:52', NULL),
	(32, 'RAW-09', 'WEBBING TAPE ROSSI HERRINGBONE 21 MM', 'RAW', 1, 14, NULL, 1, '2025-09-17 04:39:52', NULL),
	(33, 'RAW-10', 'ELASTIC 115MM', 'RAW', 1, 5, NULL, 1, '2025-09-17 04:39:52', NULL),
	(34, 'RAW-11', 'TKT 20', 'RAW', 1, 15, NULL, 1, '2025-09-17 04:39:52', NULL),
	(35, 'RAW-12', 'TKT 30', 'RAW', 1, 15, NULL, 1, '2025-09-17 04:39:52', NULL),
	(36, 'RAW-13', 'TKT 40', 'RAW', 1, 15, NULL, 1, '2025-09-17 04:39:52', NULL),
	(37, 'RAW-14', 'LEM 168 G/W', 'RAW', 1, 9, NULL, 1, '2025-09-17 04:39:52', NULL),
	(38, 'RAW-15', 'LEM 7300 TF', 'RAW', 1, 9, NULL, 1, '2025-09-17 04:39:52', NULL),
	(39, 'RAW-16', 'ENDURA CUPSOLE (SBR)', 'RAW', 1, 2, NULL, 1, '2025-09-17 04:39:52', NULL),
	(40, 'RAW-17', 'BONDING AGENT 224 - 2', 'RAW', 1, 9, NULL, 1, '2025-09-17 04:39:52', NULL),
	(41, 'RAW-18', 'LEM 5100 AB', 'RAW', 1, 9, NULL, 1, '2025-09-17 04:39:52', NULL),
	(42, 'RAW-19', 'PRIMER D-PLY 008 F', 'RAW', 1, 9, NULL, 1, '2025-09-17 04:39:52', NULL),
	(43, 'RAW-20', 'PRIMER D-PLY 1402', 'RAW', 1, 9, NULL, 1, '2025-09-17 04:39:52', NULL),
	(44, 'RAW-21', 'PRIMER D-PLY 232', 'RAW', 1, 9, NULL, 1, '2025-09-17 04:39:52', NULL),
	(45, 'RAW-22', 'D-TAC 7100', 'RAW', 1, 9, NULL, 1, '2025-09-17 04:39:52', NULL),
	(46, 'RAW-23', 'UNIDUR 1001', 'RAW', 1, 8, NULL, 1, '2025-09-17 04:39:52', NULL),
	(47, 'RAW-24', 'MEK', 'RAW', 1, 9, NULL, 1, '2025-09-17 04:39:52', NULL),
	(48, 'RAW-25', 'HOTMELT ROD CEMENT', 'RAW', 1, 9, NULL, 1, '2025-09-17 04:39:52', NULL),
	(49, 'RAW-26', 'GLUE STICK', 'RAW', 1, 9, NULL, 1, '2025-09-17 04:39:52', NULL),
	(50, 'RAW-27', 'MASKING TAPE 1"', 'RAW', 1, 13, NULL, 1, '2025-09-17 04:39:52', NULL),
	(51, 'RAW-28', 'PP BAG BENING/POLOS 0.03X40X45', 'RAW', 1, 9, NULL, 1, '2025-09-17 04:39:52', NULL),
	(52, 'RAW-29', 'ANTISTATIC FOOTBED', 'RAW', 1, 2, NULL, 1, '2025-09-17 04:39:52', NULL),
	(53, 'RAW-30', 'KERTAS DOORSLAG', 'RAW', 1, 14, NULL, 1, '2025-09-17 04:39:52', NULL),
	(54, 'RAW-31', 'KERTAS DUPLEX 250 GR 21 X 29 CM', 'RAW', 1, 6, NULL, 1, '2025-09-17 04:39:52', NULL),
	(55, 'RAW-32', 'KERTAS DUPLEX 500 GR 8 X 30 CM', 'RAW', 1, 6, NULL, 1, '2025-09-17 04:39:52', NULL),
	(56, 'RAW-33', 'BARCODE STICKER ART. 301 (FROM TEKHAN)', 'RAW', 1, 14, NULL, 1, '2025-09-17 04:39:52', NULL),
	(57, 'RAW-34', 'SWING TAG ENDURA SOLE ART. 301 (MAN) (AVERY DENNISON)', 'RAW', 1, 16, NULL, 1, '2025-09-17 04:39:52', NULL),
	(58, 'RAW-35', 'CARE CARD (NEW FROM AVERY DENNISON)', 'RAW', 1, 14, NULL, 1, '2025-09-17 04:39:52', NULL),
	(59, 'RAW-36', 'QUICK SNAP LOOP', 'RAW', 1, 14, NULL, 1, '2025-09-17 04:39:52', NULL),
	(60, 'RAW-37', 'WRAPPING SHOE "ROSSI" PRINT 17 GR UK. 400 X 900', 'RAW', 1, 14, NULL, 1, '2025-09-17 04:39:52', NULL),
	(61, 'RAW-38', 'MICROGARDE GREEN STICKER', 'RAW', 1, 4, NULL, 1, '2025-09-17 04:39:52', NULL),
	(62, 'RAW-39', '6" INNER BOX (GOODBOX)', 'RAW', 1, 14, NULL, 1, '2025-09-17 04:39:52', NULL),
	(63, 'RAW-40', 'ISI 5 UK.', 'RAW', 1, 14, NULL, 1, '2025-09-17 04:39:52', NULL),
	(64, 'RAW-41', 'POLYPROPELINE (PP) TAPE 3"', 'RAW', 1, 17, NULL, 1, '2025-09-17 04:39:52', NULL),
	(65, 'RAW-42', 'DOUBLE TAPE 6 MM', 'RAW', 1, 17, NULL, 1, '2025-09-17 04:39:52', NULL),
	(66, 'RAW-43', 'MOSS BACK SUEDE (DONG-YI)', 'RAW', 1, 1, NULL, 1, '2025-09-17 04:39:52', NULL),
	(67, 'RAW-44', 'POLYURETHANE SYNTHETIC LEATHER (NON WOVEN CLARINO) POT. 18 MM', 'RAW', 1, 5, NULL, 1, '2025-09-17 04:39:52', NULL),
	(68, 'RAW-45', 'TEXON T-90 2.5MM BLACK + MIDSOLE EVA 5MM HD 68 - 70 (EVA CHEMICAL)', 'RAW', 1, 6, NULL, 1, '2025-09-17 04:39:52', NULL),
	(69, 'RAW-46', 'EMBOSS QTR ROSSI BOOTS', 'RAW', 1, 4, NULL, 1, '2025-09-17 04:39:52', NULL),
	(70, 'RAW-47', 'HEAT TRANSPAPER HOTMELT PRINT', 'RAW', 1, 14, NULL, 1, '2025-09-17 04:39:52', NULL),
	(71, 'RAW-48', 'ROUND EYELET #350+WASHER', 'RAW', 1, 4, NULL, 1, '2025-09-17 04:39:52', NULL),
	(72, 'RAW-49', 'RIPPLE OUTSOLE+LOGO RED (ROSSI)', 'RAW', 1, 2, NULL, 1, '2025-09-17 04:39:52', NULL),
	(73, 'RAW-50', 'POLYESTER BARDED WAXY 1.2 MM (TRANCILO)', 'RAW', 1, 15, NULL, 1, '2025-09-17 04:39:52', NULL),
	(74, 'RAW-51', '4 PLY COTTON', 'RAW', 1, 15, NULL, 1, '2025-09-17 04:39:52', NULL),
	(75, 'RAW-52', 'STAPLES 406 J', 'RAW', 1, 18, NULL, 1, '2025-09-17 04:39:52', NULL),
	(76, 'RAW-53', 'PRIMER D-PLY 007 F', 'RAW', 1, 9, NULL, 1, '2025-09-17 04:39:52', NULL),
	(77, 'RAW-54', 'SWING TAG RIPPLE', 'RAW', 1, 16, NULL, 1, '2025-09-17 04:39:52', NULL),
	(78, 'RAW-55', 'CARE CARD TAG', 'RAW', 1, 16, NULL, 1, '2025-09-17 04:39:52', NULL),
	(79, 'RAW-56', 'LEM 5100  AU+AB', 'RAW', 1, 9, NULL, 1, '2025-09-17 04:39:52', NULL),
	(80, 'RAW-57', 'ROUND POLYESTER 4 MM', 'RAW', 1, 2, NULL, 1, '2025-09-17 04:39:52', NULL),
	(81, 'RAW-58', 'KERTAS DUPLEX 500 GR', 'RAW', 1, 14, NULL, 1, '2025-09-17 04:39:52', NULL),
	(82, 'RAW-59', 'BARCODE LABEL FOR INNERBOX', 'RAW', 1, 14, NULL, 1, '2025-09-17 04:39:52', NULL),
	(83, 'RAW-60', 'CLARET KIP (HARVEST GLORY)', 'RAW', 1, 1, NULL, 1, '2025-09-17 04:39:52', NULL),
	(84, 'RAW-61', 'TEXON T-90 3 MM', 'RAW', 1, 6, NULL, 1, '2025-09-17 04:39:52', NULL),
	(85, 'RAW-62', 'EMBOSS ROSSI BOOTS 4.5 X 2.5 CM', 'RAW', 1, 4, NULL, 1, '2025-09-17 04:39:52', NULL),
	(86, 'RAW-63', 'SATIN TAPE 14 MM', 'RAW', 1, 5, NULL, 1, '2025-09-17 04:39:52', NULL),
	(87, 'RAW-64', 'BUCKLE 2 CM', 'RAW', 1, 4, NULL, 1, '2025-09-17 04:39:52', NULL),
	(88, 'RAW-65', 'GUM CREEPE OUTSOLE', 'RAW', 1, 2, NULL, 1, '2025-09-17 04:39:52', NULL),
	(89, 'RAW-66', 'EVA 5 MM', 'RAW', 1, 6, NULL, 1, '2025-09-17 04:39:52', NULL),
	(90, 'RAW-67', '4 PLY POLYESTER', 'RAW', 1, 15, NULL, 1, '2025-09-17 04:39:52', NULL),
	(91, 'RAW-68', 'SWING TAG 666 SHEARER', 'RAW', 1, 16, NULL, 1, '2025-09-17 04:39:52', NULL),
	(92, 'RAW-69', 'ROUND POLYESTER 3 MM', 'RAW', 1, 2, NULL, 1, '2025-09-17 04:39:52', NULL),
	(93, 'RAW-70', 'WILD YAK (HARVEST GLORY)', 'RAW', 1, 1, NULL, 1, '2025-09-17 04:39:52', NULL),
	(94, 'RAW-71', 'WILD YAK (AUSTAN)', 'RAW', 1, 1, NULL, 1, '2025-09-17 04:39:52', NULL),
	(95, 'RAW-72', 'TEXON T-90 3 MM BLACK + MIDSOLE EVA 5MM HD 68 - 70 (EVA CHEMICAL)', 'RAW', 1, 6, NULL, 1, '2025-09-17 04:39:52', NULL),
	(96, 'RAW-73', 'CLEATED HIKER OUTSOLE+LOGO (ROSSI)', 'RAW', 1, 2, NULL, 1, '2025-09-17 04:39:52', NULL),
	(97, 'RAW-74', 'TRANCILO 1.2', 'RAW', 1, 15, NULL, 1, '2025-09-17 04:39:52', NULL),
	(98, 'RAW-75', 'SWING TAG SIMPSON', 'RAW', 1, 16, NULL, 1, '2025-09-17 04:39:52', NULL),
	(99, 'RAW-76', 'SUPER SUEDE', 'RAW', 1, 1, NULL, 1, '2025-09-17 04:39:52', NULL),
	(100, 'RAW-77', 'PIG  SKIN', 'RAW', 1, 1, NULL, 1, '2025-09-17 04:39:52', NULL),
	(101, 'RAW-78', 'PIG  SKIN  ( DIBALIK )', 'RAW', 1, 1, NULL, 1, '2025-09-17 04:39:52', NULL),
	(102, 'RAW-79', 'SHEEP SKIN CURLY  NATURAL HENAN', 'RAW', 1, 1, NULL, 1, '2025-09-17 04:39:52', NULL),
	(103, 'RAW-80', 'TEXTILE POLY TB CURLY 56/57" X 6MM X 550 GR / YDS CREAM', 'RAW', 1, 10, NULL, 1, '2025-09-17 04:39:52', NULL),
	(104, 'RAW-81', 'INSOLE MATERIAL FELT BENECKE 1.5-1.7 MM X 54 BLACK', 'RAW', 1, 5, NULL, 1, '2025-09-17 04:39:52', NULL),
	(105, 'RAW-82', 'EVA SPONGE 3MM HD 20 - 25 / 27 - 33 44" ( PT. YOOKWANG ) BLACK', 'RAW', 1, 5, NULL, 1, '2025-09-17 04:39:52', NULL),
	(106, 'RAW-83', 'TEXTILE KAIN DRILL ART # 36201  58"+ STICKER UPPER TOE CUP', 'RAW', 1, 5, NULL, 1, '2025-09-17 04:39:52', NULL),
	(107, 'RAW-84', 'TEXTILE KAIN DRILL ART # 36201  58"+ STICKER UPPER QUARTER', 'RAW', 1, 5, NULL, 1, '2025-09-17 04:39:52', NULL),
	(108, 'RAW-85', 'TEXTILE KAIN DRILL ART # 36201  58"+ STICKER UPPER VAMP', 'RAW', 1, 5, NULL, 1, '2025-09-17 04:39:52', NULL),
	(109, 'RAW-86', 'TEXTILE KAIN DRILL ART # 36201  58"+ STICKER VAMP REINFORCE', 'RAW', 1, 5, NULL, 1, '2025-09-17 04:39:52', NULL),
	(110, 'RAW-87', 'FOAM DENSITY 18 THICK 4MM', 'RAW', 1, 5, NULL, 1, '2025-09-17 04:39:52', NULL),
	(111, 'RAW-88', 'INSOLE MATERIAL SUPER TUFF 115 SL GREY', 'RAW', 1, 5, NULL, 1, '2025-09-17 04:39:52', NULL),
	(112, 'RAW-89', 'EVA 2 MM, 44"(HARDNESS= 35-40 )', 'RAW', 1, 5, NULL, 1, '2025-09-17 04:39:52', NULL),
	(113, 'RAW-90', 'INSOLE MATERIAL TEXON T - 480 A , 2 MM', 'RAW', 1, 6, NULL, 1, '2025-09-17 04:39:52', NULL),
	(114, 'RAW-91', 'COUNTER MATERIAL IMPERFLEX V 25 P, 0,65-0,75 MM', 'RAW', 1, 11, NULL, 1, '2025-09-17 04:39:52', NULL),
	(115, 'RAW-92', 'COUNTER MATERIAL TEXON RITE 1.5 MM', 'RAW', 1, 11, NULL, 1, '2025-09-17 04:39:52', NULL),
	(116, 'RAW-93', 'SHANK BOARD PIAZA 1.5 MM', 'RAW', 1, 6, NULL, 1, '2025-09-17 04:39:52', NULL),
	(117, 'RAW-94', 'SCREEN+EMBOSSED BLACKSTONE', 'RAW', 1, 2, NULL, 1, '2025-09-17 04:39:52', NULL),
	(118, 'RAW-95', 'GENZA PRINT SIZE + ART  CG183+COLOR', 'RAW', 1, 2, NULL, 1, '2025-09-17 04:39:52', NULL),
	(119, 'RAW-96', 'KAIN SATIN POTONG 14 MM BLACK', 'RAW', 1, 5, NULL, 1, '2025-09-17 04:39:52', NULL),
	(120, 'RAW-97', 'NON WOVEN TC APP 2.2 SBY POTONG LURUS 15 MM', 'RAW', 1, 5, NULL, 1, '2025-09-17 04:39:52', NULL),
	(121, 'RAW-98', 'NYLON THREADTKT 40 AQUIL 210 D3 ( 3 PLY ) UPPER', 'RAW', 1, 12, NULL, 1, '2025-09-17 04:39:52', NULL),
	(122, 'RAW-99', 'NYLON THREADTKT 40 AQUIL 210 D3 ( 3 PLY ) BOTTOM UPPER', 'RAW', 1, 12, NULL, 1, '2025-09-17 04:39:52', NULL),
	(123, 'RAW-100', 'NYLON THREADTKT 60 AQUIL 210 D2 ( 2 PLY ) LINING', 'RAW', 1, 12, NULL, 1, '2025-09-17 04:39:52', NULL),
	(124, 'RAW-101', 'NYLON THREADTKT 60 AQUIL 210 D2 ( 2 PLY ) INSOLE', 'RAW', 1, 12, NULL, 1, '2025-09-17 04:39:52', NULL),
	(125, 'RAW-102', 'NYLON THREADTKT 40 AQUIL 210 D3 ( 3 PLY ) ZIG ZAG', 'RAW', 1, 12, NULL, 1, '2025-09-17 04:39:52', NULL),
	(126, 'RAW-103', 'THREAD TRANCILLO 1.2 MM', 'RAW', 1, 5, NULL, 1, '2025-09-17 04:39:52', NULL),
	(127, 'RAW-104', 'OUTSOLE RUBBER CUP SOLE AW24 MENS', 'RAW', 1, 2, NULL, 1, '2025-09-17 04:39:52', NULL),
	(128, 'RAW-105', 'BONDING AGENT 5100 AU', 'RAW', 1, 9, NULL, 1, '2025-09-17 04:39:52', NULL),
	(129, 'RAW-106', 'LOCTITE BONDACE 7100-2', 'RAW', 1, 9, NULL, 1, '2025-09-17 04:39:52', NULL),
	(130, 'RAW-107', 'LOCTITE BONDACE 224-2', 'RAW', 1, 9, NULL, 1, '2025-09-17 04:39:52', NULL),
	(131, 'RAW-108', 'GLUE STICK WHITE', 'RAW', 1, 9, NULL, 1, '2025-09-17 04:39:52', NULL),
	(132, 'RAW-109', 'BIO 700 G', 'RAW', 1, 9, NULL, 1, '2025-09-17 04:39:52', NULL),
	(133, 'RAW-110', 'SHOE LACE ROUND COTTON WAXY  3  MM', 'RAW', 1, 2, NULL, 1, '2025-09-17 04:39:52', NULL),
	(134, 'RAW-111', 'LEATHER U/P ; LEATHER + TEXTILE L/N ; RUBBER O/S', 'RAW', 1, 4, NULL, 1, '2025-09-17 04:39:52', NULL),
	(135, 'RAW-112', 'PRINT BLACKSTONE', 'RAW', 1, 4, NULL, 1, '2025-09-17 04:39:52', NULL),
	(136, 'RAW-113', 'BLACKSTONE  4"', 'RAW', 1, 4, NULL, 1, '2025-09-17 04:39:52', NULL),
	(137, 'RAW-114', 'BLACKSTONE  4"  ISI  8', 'RAW', 1, 4, NULL, 1, '2025-09-17 04:39:52', NULL),
	(138, 'RAW-115', 'SUPER SUDE', 'RAW', 1, 1, NULL, 1, '2025-09-17 04:39:52', NULL),
	(139, 'RAW-116', 'STICKER STYLE ,SIZE ,COLOR  FOR INNER BOX', 'RAW', 1, 4, NULL, 1, '2025-09-17 04:39:52', NULL),
	(140, 'RAW-117', 'CARTON BOX (ALL SIZE)', 'RAW', 1, 4, NULL, 1, '2025-09-17 04:39:52', NULL),
	(141, 'RAW-118', 'KERTAS DUPLEX 310 GRAM', 'RAW', 1, 6, NULL, 1, '2025-09-17 04:39:52', NULL),
	(142, 'RAW-119', 'LATEX CAIR 60% @ 180 KG', 'RAW', 1, 3, NULL, 1, '2025-09-17 04:39:52', NULL),
	(143, 'RAW-120', 'SPLITE SUEDE UPPER 2', 'RAW', 1, 1, NULL, 1, '2025-09-17 04:39:52', NULL),
	(144, 'RAW-121', 'SPLITE SUEDE UPPER 3', 'RAW', 1, 1, NULL, 1, '2025-09-17 04:39:52', NULL),
	(145, 'RAW-122', 'SPLITE SUEDE TONGUE LABEL', 'RAW', 1, 1, NULL, 1, '2025-09-17 04:39:52', NULL),
	(146, 'RAW-123', 'SPLITE SUEDE  UPPER', 'RAW', 1, 1, NULL, 1, '2025-09-17 04:39:52', NULL),
	(147, 'RAW-124', 'RUBBER WRAP CH-A-86007  1.4 MM (ALEX BAUL TAIWAN)', 'RAW', 1, 10, NULL, 1, '2025-09-17 04:39:52', NULL),
	(148, 'RAW-125', 'PIG SKIN WATER TONGUE', 'RAW', 1, 1, NULL, 1, '2025-09-17 04:39:52', NULL),
	(149, 'RAW-126', 'PIG  SKIN   LINING TOP', 'RAW', 1, 1, NULL, 1, '2025-09-17 04:39:52', NULL),
	(150, 'RAW-127', 'PIG  SKIN   LINING INSOLE', 'RAW', 1, 1, NULL, 1, '2025-09-17 04:39:52', NULL),
	(151, 'RAW-128', 'SPIGATINO+2MMFOAM+AQUAT', 'RAW', 1, 11, NULL, 1, '2025-09-17 04:39:52', NULL),
	(152, 'RAW-129', 'WATERPROOF TAPE T 6000 PTR WHITE', 'RAW', 1, 5, NULL, 1, '2025-09-17 04:39:52', NULL),
	(153, 'RAW-130', 'FOAM DENSITY 30 THICK 10 MM', 'RAW', 1, 6, NULL, 1, '2025-09-17 04:39:52', NULL),
	(154, 'RAW-131', 'FOAM DENSITY 30 THICK 7 MM', 'RAW', 1, 6, NULL, 1, '2025-09-17 04:39:52', NULL),
	(155, 'RAW-132', 'FOAM DENSITY 30 THICK 15 MM', 'RAW', 1, 6, NULL, 1, '2025-09-17 04:39:52', NULL),
	(156, 'RAW-133', 'SCREEN + EMBOSS WATERPROOF', 'RAW', 1, 2, NULL, 1, '2025-09-17 04:39:52', NULL),
	(157, 'RAW-134', 'GENZA PRINT SIZE + ART CG014 +COLOR', 'RAW', 1, 2, NULL, 1, '2025-09-17 04:39:52', NULL),
	(158, 'RAW-135', 'WEBBING TAPE 10 MM BOMOA', 'RAW', 1, 5, NULL, 1, '2025-09-17 04:39:52', NULL),
	(159, 'RAW-136', 'PVC 3 HOLES E-0317  (NYLON SPEED LACE  E-0317 )', 'RAW', 1, 19, NULL, 1, '2025-09-17 04:39:52', NULL),
	(160, 'RAW-137', 'NYLON THREADTKT 40 AQUIL 210 D3 ( 3 PLY ) UPPER 2', 'RAW', 1, 12, NULL, 1, '2025-09-17 04:39:52', NULL),
	(161, 'RAW-138', 'NYLON THREADTKT 40 AQUIL 210 D3 ( 3 PLY ) UPPER 1', 'RAW', 1, 12, NULL, 1, '2025-09-17 04:39:52', NULL),
	(162, 'RAW-139', 'NYLON THREADTKT 40 AQUIL 210 D3 ( 3 PLY ) UPPER 3', 'RAW', 1, 12, NULL, 1, '2025-09-17 04:39:52', NULL),
	(163, 'RAW-140', 'NYLON THREAD BONDED TKT 60 ( 2 PLY ) U-9715', 'RAW', 1, 12, NULL, 1, '2025-09-17 04:39:52', NULL),
	(164, 'RAW-141', 'NYLON THREADTKT 40 AQUIL 210 D3 ( 3 PLY ) WATER TONGUE', 'RAW', 1, 12, NULL, 1, '2025-09-17 04:39:52', NULL),
	(165, 'RAW-142', 'RUBBER CUPSOLE VIBRAM ART CHOPPER', 'RAW', 1, 2, NULL, 1, '2025-09-17 04:39:52', NULL),
	(166, 'RAW-143', 'PRIMER P 5 - 2', 'RAW', 1, 9, NULL, 1, '2025-09-17 04:39:52', NULL),
	(167, 'RAW-144', 'BLAZEWAY', 'RAW', 1, 1, NULL, 1, '2025-09-17 04:39:52', NULL),
	(168, 'RAW-145', 'D PLY PC-3 FOR PHYLON CLEANER', 'RAW', 1, 9, NULL, 1, '2025-09-17 04:39:52', NULL),
	(169, 'RAW-146', 'BONDING AGENT 5100 AB', 'RAW', 1, 9, NULL, 1, '2025-09-17 04:39:52', NULL),
	(170, 'RAW-147', 'SHEEP SKIN CURLY NATURAL HENAN (Q,T)', 'RAW', 1, 1, NULL, 1, '2025-09-17 04:39:52', NULL),
	(171, 'RAW-148', 'LACE ROUND POLYESTER 4 MM WITH DOTS 2X', 'RAW', 1, 2, NULL, 1, '2025-09-17 04:39:52', NULL),
	(172, 'RAW-149', 'EVA CUP INSOLE B 95 + PIG SKIN + EMBOSS BLACKSTONE', 'RAW', 1, 2, NULL, 1, '2025-09-17 04:39:52', NULL),
	(173, 'RAW-150', 'SHEEP SKIN CURLY  NATURAL HENAN (INSOLE)', 'RAW', 1, 1, NULL, 1, '2025-09-17 04:39:52', NULL),
	(174, 'RAW-151', 'COTTON CBA', 'RAW', 1, 10, NULL, 1, '2025-09-17 04:39:52', NULL),
	(175, 'RAW-152', 'TEXTILE KAIN BLACU T/L  F 7668 + STICKER', 'RAW', 1, 5, NULL, 1, '2025-09-17 04:39:52', NULL),
	(176, 'RAW-153', 'TEXTILE KAIN DRILL ART # 36201 + VAMP JOINT QUARTER (KOYO)', 'RAW', 1, 5, NULL, 1, '2025-09-17 04:39:52', NULL),
	(177, 'RAW-154', 'COUNTER MATERIAL REFORM 300 NATURAL', 'RAW', 1, 11, NULL, 1, '2025-09-17 04:39:52', NULL),
	(178, 'RAW-155', 'SCREEN+EMBOSS BLACKSTONE PALU', 'RAW', 1, 2, NULL, 1, '2025-09-17 04:39:52', NULL),
	(179, 'RAW-156', 'GENSA PRINT  SIZE + ART  CG030 + COLOR', 'RAW', 1, 4, NULL, 1, '2025-09-17 04:39:52', NULL),
	(180, 'RAW-157', 'GENZA SHEEP SKIN', 'RAW', 1, 4, NULL, 1, '2025-09-17 04:39:52', NULL),
	(181, 'RAW-158', 'KAIN SATIN POTONG 14 MM BLACK', 'RAW', 1, 5, NULL, 1, '2025-09-17 04:39:52', NULL),
	(182, 'RAW-159', 'EYELET ROUND # 300 GUN METAL', 'RAW', 1, 7, NULL, 1, '2025-09-17 04:39:52', NULL),
	(183, 'RAW-160', 'NYLON THREADTKT 60 AQUIL 210 D2 ( 2 PLY ) ZIG ZAG,QTR', 'RAW', 1, 12, NULL, 1, '2025-09-17 04:39:52', NULL),
	(184, 'RAW-161', 'NYLON THREAD TKT 40 AQUIL 210 D3 ( 3 PLY ) LINING', 'RAW', 1, 12, NULL, 1, '2025-09-17 04:39:52', NULL),
	(185, 'RAW-162', 'NYLON THREAD TKT 60 AQUIL 210 D2 ( 2 PLY ) BOTTOM LINING', 'RAW', 1, 12, NULL, 1, '2025-09-17 04:39:52', NULL),
	(186, 'RAW-163', 'NYLON THREAD TKT 60 AQUIL 210 D2 ( 2 PLY ) ZIG ZAG,INSOLE', 'RAW', 1, 12, NULL, 1, '2025-09-17 04:39:52', NULL),
	(187, 'RAW-164', 'OUTSOLE RUBBER SUOLA TR 072 ,  NERO OCS TIPPER ROSSO SZ 40-47', 'RAW', 1, 2, NULL, 1, '2025-09-17 04:39:52', NULL),
	(188, 'RAW-165', 'STEEL SHANK MAN ART. 10638  M, L, XL', 'RAW', 1, 2, NULL, 1, '2025-09-17 04:39:52', NULL),
	(189, 'RAW-166', 'COUNTER MATERIAL IMPERFLEX V 45 P, 0,85-0,95 MM', 'RAW', 1, 11, NULL, 1, '2025-09-17 04:39:52', NULL),
	(190, 'RAW-167', 'KP 100', 'RAW', 1, 9, NULL, 1, '2025-09-17 04:39:52', NULL),
	(191, 'RAW-168', 'SILICON', 'RAW', 1, 9, NULL, 1, '2025-09-17 04:39:52', NULL),
	(192, 'RAW-169', 'WAX CHRYSTAL', 'RAW', 1, 4, NULL, 1, '2025-09-17 04:39:52', NULL),
	(193, 'RAW-170', 'SHOE CREAM AP-18-115', 'RAW', 1, 9, NULL, 1, '2025-09-17 04:39:52', NULL),
	(194, 'RAW-171', 'LACE ROUND WAXY COTTON 4 MM', 'RAW', 1, 2, NULL, 1, '2025-09-17 04:39:52', NULL),
	(195, 'RAW-172', 'AL. PI. S.R.L', 'RAW', 1, 2, NULL, 1, '2025-09-17 04:39:52', NULL),
	(196, 'RAW-173', 'GENUINE LEATHER FUR + TRASPAPER SHEEP SKIN BLACKSTONE + LOGO B MEDALLION', 'RAW', 1, 2, NULL, 1, '2025-09-17 04:39:52', NULL),
	(197, 'RAW-174', 'BLACKSTONE  6"', 'RAW', 1, 4, NULL, 1, '2025-09-17 04:39:52', NULL),
	(198, 'RAW-175', 'SPLITE SUEDE UPPER ( LIST)', 'RAW', 1, 1, NULL, 1, '2025-09-17 04:39:52', NULL),
	(199, 'RAW-176', 'SPLITE SUEDE UPPER (JOINT TOECAP)', 'RAW', 1, 1, NULL, 1, '2025-09-17 04:39:52', NULL),
	(200, 'RAW-177', 'CARTON BOX BLACKSTONE 6 ISI 8', 'RAW', 1, 4, NULL, 1, '2025-09-17 04:39:52', NULL),
	(201, 'RAW-178', 'CARTON BOX BLACKSTONE 6 ISI 12', 'RAW', 1, 4, NULL, 1, '2025-09-17 04:39:52', NULL),
	(202, 'RAW-179', 'LEATHER U/P ; LEATHER L/N ; RUBBER O/S', 'RAW', 1, 4, NULL, 1, '2025-09-17 04:39:52', NULL),
	(203, 'RAW-180', 'TEXTILE KAIN BLACU T/L F 7668 44" NATURAL', 'RAW', 1, 5, NULL, 1, '2025-09-17 04:39:52', NULL),
	(204, 'RAW-181', 'TEXTILE KAIN DRILL ART # 36201  60", NATURAL', 'RAW', 1, 5, NULL, 1, '2025-09-17 04:39:52', NULL),
	(205, 'RAW-182', 'EMBOSS BLACKSTONE', 'RAW', 1, 2, NULL, 1, '2025-09-17 04:39:52', NULL),
	(206, 'RAW-183', 'GENSA PRINT  SIZE+ART  CG035 + COLOR', 'RAW', 1, 14, NULL, 1, '2025-09-17 04:39:52', NULL),
	(207, 'RAW-184', 'SPOND BOND POTONG LURUS 14 MM BLACK', 'RAW', 1, 5, NULL, 1, '2025-09-17 04:39:52', NULL),
	(208, 'RAW-185', 'ZIPPER RGTH C56-DA8W PE14BTM O', 'RAW', 1, 14, NULL, 1, '2025-09-17 04:39:52', NULL),
	(209, 'RAW-186', 'NYLON THREAD TKT 40 AQUIL 210 D3 ( 3 PLY ) (BOTTOM UPPER, LINING)', 'RAW', 1, 12, NULL, 1, '2025-09-17 04:39:52', NULL),
	(210, 'RAW-187', 'NYLON THREAD TKT 60 AQUIL 210 D2 ( 2 PLY ) ZIG ZAG INSOLE, ZIG ZAG LINING', 'RAW', 1, 12, NULL, 1, '2025-09-17 04:39:52', NULL),
	(211, 'RAW-188', 'STAHL WAX PW-18-814', 'RAW', 1, 4, NULL, 1, '2025-09-17 04:39:52', NULL),
	(212, 'RAW-189', 'AP 19119', 'RAW', 1, 9, NULL, 1, '2025-09-17 04:39:52', NULL),
	(213, 'RAW-190', 'MAINSAIL NUBUCK', 'RAW', 1, 1, NULL, 1, '2025-09-17 04:39:52', NULL),
	(214, 'RAW-191', 'PIG  SKIN  (Q,T)', 'RAW', 1, 1, NULL, 1, '2025-09-17 04:39:52', NULL),
	(215, 'RAW-192', 'PIG SKIN (DIBALIK) (BS)', 'RAW', 1, 1, NULL, 1, '2025-09-17 04:39:52', NULL),
	(216, 'RAW-193', 'PIG SKIN (INSOLE)', 'RAW', 1, 1, NULL, 1, '2025-09-17 04:39:52', NULL),
	(217, 'RAW-194', 'CANVAS 6 OZ # 1724832', 'RAW', 1, 5, NULL, 1, '2025-09-17 04:39:52', NULL),
	(218, 'RAW-195', 'TEXTILE KAIN BLACU T/L F 7668 44" NATURAL + STICKER (VAMP)', 'RAW', 1, 5, NULL, 1, '2025-09-17 04:39:52', NULL),
	(219, 'RAW-196', 'TEXTILE KAIN BLACU T/L F 7668 44" NATURAL + STICKER (CLR)', 'RAW', 1, 5, NULL, 1, '2025-09-17 04:39:52', NULL),
	(220, 'RAW-197', 'TEXTILE KAIN BLACU T/L F 7668 44" NATURAL + STICKER ( Q )', 'RAW', 1, 5, NULL, 1, '2025-09-17 04:39:52', NULL),
	(221, 'RAW-198', 'SCREEN+EMBOSSED BLACKSTONE (TONGUE)', 'RAW', 1, 2, NULL, 1, '2025-09-17 04:39:52', NULL),
	(222, 'RAW-199', 'SCREEN+EMBOSSED BLACKSTONE ( QUARTER )', 'RAW', 1, 2, NULL, 1, '2025-09-17 04:39:52', NULL),
	(223, 'RAW-200', 'EMBOSS SIZE', 'RAW', 1, 2, NULL, 1, '2025-09-17 04:39:52', NULL),
	(224, 'RAW-201', 'GENZA PRINT ART  CG179 + COLOR', 'RAW', 1, 2, NULL, 1, '2025-09-17 04:39:52', NULL),
	(225, 'RAW-202', 'SPOND BOND POTONG LURUS 14 MM', 'RAW', 1, 5, NULL, 1, '2025-09-17 04:39:52', NULL),
	(226, 'RAW-203', 'EYELET  ROUND # 300  + WASHER', 'RAW', 1, 7, NULL, 1, '2025-09-17 04:39:52', NULL),
	(227, 'RAW-204', 'NYLON THREADTKT 40 AQUIL 210 D3 ( 3 PLY ) (ZIG ZAG NON WOVEN)', 'RAW', 1, 12, NULL, 1, '2025-09-17 04:39:52', NULL),
	(228, 'RAW-205', 'OUTSOLE CUP BLACKSTONE AW24 MENS (39 - 50)', 'RAW', 1, 2, NULL, 1, '2025-09-17 04:39:52', NULL),
	(229, 'RAW-206', 'SHOE LACE COTTON WAXY FLAT 8 MM', 'RAW', 1, 2, NULL, 1, '2025-09-17 04:39:52', NULL),
	(230, 'RAW-207', 'CARTON BOX BLACKSTONE  4"  ISI  8', 'RAW', 1, 4, NULL, 1, '2025-09-17 04:39:52', NULL),
	(231, 'RAW-208', 'CARTON BOX  BLACKSTONE  4"  ISI  12', 'RAW', 1, 4, NULL, 1, '2025-09-17 04:39:52', NULL),
	(232, 'RAW-209', 'ATTACH (LASTING)  LEM D TAC- 7100-2', 'RAW', 1, 9, NULL, 1, '2025-09-17 04:39:52', NULL),
	(233, 'RAW-210', 'ATTACH  TUCKBOARD+KAIN KASSA  LEM D TAC- 7100-2', 'RAW', 1, 9, NULL, 1, '2025-09-17 04:39:52', NULL),
	(234, 'RAW-211', 'ATTACH (LASTING)  LEM D TAC- 7300 TF', 'RAW', 1, 9, NULL, 1, '2025-09-17 04:39:52', NULL),
	(235, 'RAW-212', 'LUDLOW', 'RAW', 1, 1, NULL, 1, '2025-09-17 04:39:52', NULL),
	(236, 'RAW-213', 'LINING ( Q,T )  SHEEP SKIN CURLY WOOL 7 MM', 'RAW', 1, 1, NULL, 1, '2025-09-17 04:39:52', NULL),
	(237, 'RAW-214', 'LINING ( INSOLE) SHEEP SKIN CURLY WOOL 7 MM', 'RAW', 1, 1, NULL, 1, '2025-09-17 04:39:52', NULL),
	(238, 'RAW-215', 'LINING ( V,Q) PIG SKIN', 'RAW', 1, 1, NULL, 1, '2025-09-17 04:39:52', NULL),
	(239, 'RAW-216', 'LINING ( INSOLE ) PIG SKIN', 'RAW', 1, 1, NULL, 1, '2025-09-17 04:39:52', NULL),
	(240, 'RAW-217', 'VVESOVIO SUEDE', 'RAW', 1, 1, NULL, 1, '2025-09-17 04:39:52', NULL),
	(241, 'RAW-218', 'SPLITE SUEDE', 'RAW', 1, 1, NULL, 1, '2025-09-17 04:39:52', NULL),
	(242, 'RAW-219', 'LINING ( E) PIG SKIN', 'RAW', 1, 1, NULL, 1, '2025-09-17 04:39:52', NULL),
	(243, 'RAW-220', 'LINING ( BS ) PIG SKIN', 'RAW', 1, 1, NULL, 1, '2025-09-17 04:39:52', NULL),
	(244, 'RAW-221', 'UPPER ARIAT', 'RAW', 1, 2, NULL, 1, '2025-09-17 04:39:52', NULL),
	(245, 'RAW-222', 'SCREEN+EMBOSS BLACKSTONE (LOGO)', 'RAW', 1, 2, NULL, 1, '2025-09-17 04:39:52', NULL),
	(246, 'RAW-223', 'SG-49 RUBBER 2.5 MM', 'RAW', 1, 2, NULL, 1, '2025-09-17 04:39:52', NULL),
	(247, 'RAW-224', 'KERTAS DUPLEX 500 GR 8 X 30 CM SZ 10 - 15', 'RAW', 1, 6, NULL, 1, '2025-09-17 04:39:52', NULL),
	(248, 'RAW-225', 'CTN BOX ISI 5', 'RAW', 1, 14, NULL, 1, '2025-09-17 04:39:52', NULL),
	(249, 'RAW-226', 'UPPER JADI', 'RAW', 1, 19, NULL, 1, '2025-09-17 04:39:52', NULL);

-- Dumping structure for table ai_erp.menus
CREATE TABLE IF NOT EXISTS `menus` (
  `id` int NOT NULL AUTO_INCREMENT,
  `name` varchar(100) NOT NULL,
  `slug` varchar(100) NOT NULL,
  `url` varchar(255) DEFAULT NULL,
  `icon` varchar(100) DEFAULT NULL,
  `is_active` tinyint(1) NOT NULL DEFAULT '1',
  `sort_order` int unsigned NOT NULL,
  `created_at` datetime DEFAULT CURRENT_TIMESTAMP,
  `updated_at` datetime DEFAULT CURRENT_TIMESTAMP ON UPDATE CURRENT_TIMESTAMP,
  PRIMARY KEY (`id`),
  UNIQUE KEY `slug` (`slug`),
  UNIQUE KEY `uq_menus_sort` (`sort_order`)
) ENGINE=InnoDB AUTO_INCREMENT=11 DEFAULT CHARSET=utf8mb4 COLLATE=utf8mb4_0900_ai_ci;

-- Dumping data for table ai_erp.menus: ~8 rows (approximately)
INSERT INTO `menus` (`id`, `name`, `slug`, `url`, `icon`, `is_active`, `sort_order`, `created_at`, `updated_at`) VALUES
	(1, 'Dashboard', 'dashboard', 'dashboard', 'fa fa-dashboard', 1, 1, '2025-09-16 09:11:43', '2025-09-16 09:11:43'),
	(2, 'User Management', 'user-management', NULL, 'fa fa-laptop', 1, 2, '2025-09-16 09:11:43', '2025-09-16 09:11:43'),
	(3, 'Master Data', 'master-data', NULL, 'fa fa-laptop', 1, 3, '2025-09-16 09:11:43', '2025-09-16 09:11:43'),
	(5, 'SPK', 'SPK', NULL, 'fa fa-list', 1, 4, '2025-09-17 11:44:54', '2025-09-17 11:46:00'),
	(6, 'Warehouse', 'warehouse', NULL, 'fa fa-shopping-cart', 1, 5, '2025-09-18 12:50:47', '2025-09-18 12:53:35'),
	(8, 'Production', 'production', NULL, 'fa fa-laptop', 1, 6, '2025-09-19 09:25:16', '2025-09-19 09:25:16'),
	(9, 'Executive', 'executive', NULL, 'fa fa-tablet', 1, 7, '2025-09-22 15:22:34', '2025-09-22 15:22:34'),
	(10, 'Ariat Page', 'ariat-page', NULL, 'fa fa-asterisk', 1, 8, '2025-09-23 09:22:29', '2025-09-23 09:34:18');

-- Dumping structure for table ai_erp.production_hdr
CREATE TABLE IF NOT EXISTS `production_hdr` (
  `id` bigint NOT NULL AUTO_INCREMENT,
  `prod_code` varchar(50) NOT NULL,
  `ro_id` bigint NOT NULL,
  `wo_l1_id` bigint NOT NULL,
  `wo_l2_id` bigint NOT NULL,
  `brand_id` bigint NOT NULL,
  `departement_id` int NOT NULL,
  `art_color` varchar(255) DEFAULT NULL,
  `total_qty` int unsigned NOT NULL DEFAULT '0',
  `status_prod` varchar(50) NOT NULL DEFAULT 'draft',
  `notes` text,
  `created_at` datetime NOT NULL DEFAULT CURRENT_TIMESTAMP,
  `updated_at` datetime DEFAULT NULL ON UPDATE CURRENT_TIMESTAMP,
  PRIMARY KEY (`id`),
  UNIQUE KEY `uq_prod_code` (`prod_code`),
  KEY `idx_prod_ro` (`ro_id`),
  KEY `idx_prod_w1` (`wo_l1_id`),
  KEY `idx_prod_w2` (`wo_l2_id`),
  KEY `idx_prod_brand` (`brand_id`)
) ENGINE=InnoDB AUTO_INCREMENT=17 DEFAULT CHARSET=utf8mb4 COLLATE=utf8mb4_0900_ai_ci;

-- Dumping data for table ai_erp.production_hdr: ~9 rows (approximately)
INSERT INTO `production_hdr` (`id`, `prod_code`, `ro_id`, `wo_l1_id`, `wo_l2_id`, `brand_id`, `departement_id`, `art_color`, `total_qty`, `status_prod`, `notes`, `created_at`, `updated_at`) VALUES
	(8, 'PRD-202509-0001', 2, 3, 4, 1, 1, 'wed - 123213', 3, 'confirmed', '', '2025-09-22 06:05:03', NULL),
	(9, 'PRD-202509-0002', 2, 3, 4, 1, 1, 'wed - 123213', 3, 'confirmed', 'Update production', '2025-09-22 06:05:21', NULL),
	(10, 'PRD-202509-0003', 3, 4, 6, 1, 1, 'test', 3, 'confirmed', '', '2025-09-22 08:14:09', NULL),
	(11, 'PRD-202509-0004', 3, 4, 6, 1, 1, 'test', 7, 'confirmed', 'Update production', '2025-09-22 09:05:54', NULL),
	(12, 'PRD-202509-0005', 4, 4, 7, 1, 2, 'test', 10, 'confirmed', '', '2025-09-22 09:06:25', NULL),
	(13, 'PRD-202509-0006', 5, 4, 8, 1, 3, 'test', 10, 'confirmed', '', '2025-09-22 09:08:31', NULL),
	(14, 'PRD-202509-0007', 6, 4, 9, 1, 4, 'test', 10, 'confirmed', '', '2025-09-22 09:08:52', NULL),
	(15, 'PRD-202509-0008', 7, 4, 10, 1, 5, 'test', 10, 'confirmed', '', '2025-09-22 09:09:24', NULL),
	(16, 'PRD-202509-0009', 8, 4, 11, 1, 6, 'test', 6, 'confirmed', '', '2025-09-22 09:09:57', NULL);

-- Dumping structure for table ai_erp.production_sizes
CREATE TABLE IF NOT EXISTS `production_sizes` (
  `id` bigint NOT NULL AUTO_INCREMENT,
  `production_id` bigint NOT NULL,
  `size_id` int NOT NULL,
  `plan_qty` int unsigned NOT NULL DEFAULT '0',
  `input_qty` int unsigned NOT NULL DEFAULT '0',
  `status_size` enum('belum_diproduksi','defect_bisa_diperbaiki','defect_tidak_bisa_diperbaiki','ok') NOT NULL DEFAULT 'ok',
  `short_qty` int unsigned NOT NULL DEFAULT '0',
  PRIMARY KEY (`id`),
  KEY `idx_prod_sz_hdr` (`production_id`),
  KEY `idx_prod_sz_size` (`size_id`),
  CONSTRAINT `fk_prodsz_hdr` FOREIGN KEY (`production_id`) REFERENCES `production_hdr` (`id`) ON DELETE CASCADE
) ENGINE=InnoDB AUTO_INCREMENT=84 DEFAULT CHARSET=utf8mb4 COLLATE=utf8mb4_0900_ai_ci;

-- Dumping data for table ai_erp.production_sizes: ~62 rows (approximately)
INSERT INTO `production_sizes` (`id`, `production_id`, `size_id`, `plan_qty`, `input_qty`, `status_size`, `short_qty`) VALUES
	(22, 8, 1, 2, 1, 'ok', 1),
	(23, 8, 8, 2, 1, 'ok', 1),
	(24, 8, 9, 2, 1, 'ok', 1),
	(25, 9, 1, 2, 1, 'ok', 0),
	(26, 9, 8, 2, 1, 'ok', 0),
	(27, 9, 9, 2, 1, 'ok', 0),
	(28, 10, 1, 1, 0, 'belum_diproduksi', 1),
	(29, 10, 8, 1, 0, 'belum_diproduksi', 1),
	(30, 10, 9, 1, 1, 'ok', 0),
	(31, 10, 11, 2, 1, 'belum_diproduksi', 1),
	(32, 10, 12, 2, 1, 'belum_diproduksi', 1),
	(33, 10, 14, 1, 0, 'belum_diproduksi', 1),
	(34, 10, 15, 1, 0, 'belum_diproduksi', 1),
	(35, 10, 17, 1, 0, 'belum_diproduksi', 1),
	(36, 11, 1, 1, 1, 'ok', 0),
	(37, 11, 8, 1, 1, 'ok', 0),
	(38, 11, 9, 1, 0, 'ok', 0),
	(39, 11, 11, 2, 1, 'ok', 0),
	(40, 11, 12, 2, 1, 'ok', 0),
	(41, 11, 14, 1, 1, 'ok', 0),
	(42, 11, 15, 1, 1, 'ok', 0),
	(43, 11, 17, 1, 1, 'ok', 0),
	(44, 12, 1, 1, 1, 'ok', 0),
	(45, 12, 8, 1, 1, 'ok', 0),
	(46, 12, 9, 1, 1, 'ok', 0),
	(47, 12, 11, 2, 2, 'ok', 0),
	(48, 12, 12, 2, 2, 'ok', 0),
	(49, 12, 14, 1, 1, 'ok', 0),
	(50, 12, 15, 1, 1, 'ok', 0),
	(51, 12, 17, 1, 1, 'ok', 0),
	(52, 13, 1, 1, 1, 'ok', 0),
	(53, 13, 8, 1, 1, 'ok', 0),
	(54, 13, 9, 1, 1, 'ok', 0),
	(55, 13, 11, 2, 2, 'ok', 0),
	(56, 13, 12, 2, 2, 'ok', 0),
	(57, 13, 14, 1, 1, 'ok', 0),
	(58, 13, 15, 1, 1, 'ok', 0),
	(59, 13, 17, 1, 1, 'ok', 0),
	(60, 14, 1, 1, 1, 'ok', 0),
	(61, 14, 8, 1, 1, 'ok', 0),
	(62, 14, 9, 1, 1, 'ok', 0),
	(63, 14, 11, 2, 2, 'ok', 0),
	(64, 14, 12, 2, 2, 'ok', 0),
	(65, 14, 14, 1, 1, 'ok', 0),
	(66, 14, 15, 1, 1, 'ok', 0),
	(67, 14, 17, 1, 1, 'ok', 0),
	(68, 15, 1, 1, 1, 'ok', 0),
	(69, 15, 8, 1, 1, 'ok', 0),
	(70, 15, 9, 1, 1, 'ok', 0),
	(71, 15, 11, 2, 2, 'ok', 0),
	(72, 15, 12, 2, 2, 'ok', 0),
	(73, 15, 14, 1, 1, 'ok', 0),
	(74, 15, 15, 1, 1, 'ok', 0),
	(75, 15, 17, 1, 1, 'ok', 0),
	(76, 16, 1, 1, 1, 'ok', 0),
	(77, 16, 8, 1, 1, 'ok', 0),
	(78, 16, 9, 1, 1, 'ok', 0),
	(79, 16, 11, 2, 0, 'belum_diproduksi', 2),
	(80, 16, 12, 2, 0, 'belum_diproduksi', 2),
	(81, 16, 14, 1, 1, 'ok', 0),
	(82, 16, 15, 1, 1, 'ok', 0),
	(83, 16, 17, 1, 1, 'ok', 0);

-- Dumping structure for table ai_erp.roles
CREATE TABLE IF NOT EXISTS `roles` (
  `id` int NOT NULL AUTO_INCREMENT,
  `role_name` varchar(100) CHARACTER SET utf8mb4 COLLATE utf8mb4_general_ci NOT NULL,
  `role_description` text CHARACTER SET utf8mb4 COLLATE utf8mb4_general_ci,
  `created_at` datetime NOT NULL DEFAULT CURRENT_TIMESTAMP,
  PRIMARY KEY (`id`) USING BTREE
) ENGINE=InnoDB AUTO_INCREMENT=4 DEFAULT CHARSET=utf8mb4 COLLATE=utf8mb4_general_ci;

-- Dumping data for table ai_erp.roles: ~3 rows (approximately)
INSERT INTO `roles` (`id`, `role_name`, `role_description`, `created_at`) VALUES
	(1, 'Super Admin', 'Super Admin', '2025-09-15 13:39:11'),
	(2, 'Staff', 'Staff', '2025-09-15 13:39:21'),
	(3, 'Admin Warehouse', 'Admin Warehouse', '2025-09-16 10:22:06');

-- Dumping structure for table ai_erp.role_menu
CREATE TABLE IF NOT EXISTS `role_menu` (
  `role_id` int NOT NULL,
  `menu_id` int NOT NULL,
  `can_view` tinyint(1) NOT NULL DEFAULT '1',
  PRIMARY KEY (`role_id`,`menu_id`),
  KEY `fk_rm_menu` (`menu_id`),
  CONSTRAINT `fk_rm_menu` FOREIGN KEY (`menu_id`) REFERENCES `menus` (`id`) ON DELETE CASCADE,
  CONSTRAINT `fk_rm_role` FOREIGN KEY (`role_id`) REFERENCES `roles` (`id`) ON DELETE CASCADE
) ENGINE=InnoDB DEFAULT CHARSET=utf8mb4 COLLATE=utf8mb4_0900_ai_ci;

-- Dumping data for table ai_erp.role_menu: ~10 rows (approximately)
INSERT INTO `role_menu` (`role_id`, `menu_id`, `can_view`) VALUES
	(1, 1, 1),
	(1, 2, 1),
	(1, 3, 1),
	(1, 5, 1),
	(1, 6, 1),
	(1, 8, 1),
	(1, 9, 1),
	(1, 10, 1),
	(2, 1, 1),
	(2, 3, 1);

-- Dumping structure for table ai_erp.role_submenu
CREATE TABLE IF NOT EXISTS `role_submenu` (
  `role_id` int NOT NULL,
  `submenu_id` int NOT NULL,
  `can_view` tinyint(1) NOT NULL DEFAULT '1',
  PRIMARY KEY (`role_id`,`submenu_id`),
  KEY `fk_rsm_submenu` (`submenu_id`),
  CONSTRAINT `fk_rsm_role` FOREIGN KEY (`role_id`) REFERENCES `roles` (`id`) ON DELETE CASCADE,
  CONSTRAINT `fk_rsm_submenu` FOREIGN KEY (`submenu_id`) REFERENCES `submenus` (`id`) ON DELETE CASCADE
) ENGINE=InnoDB DEFAULT CHARSET=utf8mb4 COLLATE=utf8mb4_0900_ai_ci;

-- Dumping data for table ai_erp.role_submenu: ~27 rows (approximately)
INSERT INTO `role_submenu` (`role_id`, `submenu_id`, `can_view`) VALUES
	(1, 1, 1),
	(1, 2, 1),
	(1, 3, 1),
	(1, 4, 1),
	(1, 5, 1),
	(1, 6, 1),
	(1, 7, 1),
	(1, 8, 1),
	(1, 9, 1),
	(1, 10, 1),
	(1, 12, 1),
	(1, 13, 1),
	(1, 14, 1),
	(1, 15, 1),
	(1, 16, 1),
	(1, 17, 1),
	(1, 18, 1),
	(1, 19, 1),
	(1, 20, 1),
	(1, 21, 1),
	(1, 22, 1),
	(1, 23, 1),
	(1, 24, 1),
	(1, 25, 1),
	(1, 26, 1),
	(2, 3, 1),
	(2, 4, 1);

-- Dumping structure for table ai_erp.ro_details
CREATE TABLE IF NOT EXISTS `ro_details` (
  `id` bigint NOT NULL AUTO_INCREMENT,
  `ro_header_id` bigint NOT NULL,
  `wo_l3_id` bigint NOT NULL,
  `item_id` bigint NOT NULL,
  `required_qty` decimal(18,6) NOT NULL DEFAULT '0.000000',
  `qty` decimal(18,6) NOT NULL DEFAULT '0.000000',
  PRIMARY KEY (`id`),
  KEY `idx_rod_roh` (`ro_header_id`),
  KEY `idx_rod_wol3` (`wo_l3_id`),
  KEY `idx_rod_item` (`item_id`),
  CONSTRAINT `fk_rod_roh` FOREIGN KEY (`ro_header_id`) REFERENCES `ro_headers` (`id`) ON DELETE CASCADE ON UPDATE CASCADE,
  CONSTRAINT `fk_rod_wol3` FOREIGN KEY (`wo_l3_id`) REFERENCES `wo_l3` (`id`) ON DELETE RESTRICT ON UPDATE CASCADE
) ENGINE=InnoDB AUTO_INCREMENT=19 DEFAULT CHARSET=utf8mb4 COLLATE=utf8mb4_0900_ai_ci;

-- Dumping data for table ai_erp.ro_details: ~16 rows (approximately)
INSERT INTO `ro_details` (`id`, `ro_header_id`, `wo_l3_id`, `item_id`, `required_qty`, `qty`) VALUES
	(1, 1, 5, 24, 12.000000, 12.000000),
	(2, 1, 6, 25, 12.000000, 12.000000),
	(5, 2, 5, 24, 12.000000, 10.000000),
	(6, 2, 6, 25, 12.000000, 12.000000),
	(7, 3, 9, 24, 10.000000, 10.000000),
	(8, 3, 10, 25, 10.000000, 10.000000),
	(9, 4, 11, 6, 10.000000, 10.000000),
	(10, 4, 12, 33, 10.000000, 10.000000),
	(11, 5, 13, 7, 10.000000, 10.000000),
	(12, 5, 14, 26, 10.000000, 10.000000),
	(13, 6, 15, 8, 10.000000, 10.000000),
	(14, 6, 16, 30, 10.000000, 10.000000),
	(15, 7, 17, 9, 10.000000, 10.000000),
	(16, 7, 18, 40, 10.000000, 10.000000),
	(17, 8, 19, 10, 10.000000, 10.000000),
	(18, 8, 20, 50, 10.000000, 10.000000);

-- Dumping structure for table ai_erp.ro_headers
CREATE TABLE IF NOT EXISTS `ro_headers` (
  `id` bigint NOT NULL AUTO_INCREMENT,
  `no_ro` varchar(50) NOT NULL,
  `wo_l1_id` bigint NOT NULL,
  `wo_l2_id` bigint NOT NULL,
  `brand_id` bigint DEFAULT NULL,
  `art_color` varchar(255) DEFAULT NULL,
  `departement_id` int NOT NULL,
  `ro_date` date NOT NULL,
  `status_ro` enum('draft','submitted','belum_lengkap','sudah_lengkap') NOT NULL DEFAULT 'draft',
  `created_at` datetime NOT NULL DEFAULT CURRENT_TIMESTAMP,
  `updated_at` datetime DEFAULT NULL ON UPDATE CURRENT_TIMESTAMP,
  PRIMARY KEY (`id`),
  UNIQUE KEY `uniq_no_ro` (`no_ro`),
  KEY `idx_ro_wo1` (`wo_l1_id`),
  KEY `idx_ro_wo2` (`wo_l2_id`),
  KEY `idx_ro_dept` (`departement_id`),
  CONSTRAINT `fk_roh_dept` FOREIGN KEY (`departement_id`) REFERENCES `departements` (`id`) ON DELETE RESTRICT ON UPDATE CASCADE,
  CONSTRAINT `fk_roh_wol1` FOREIGN KEY (`wo_l1_id`) REFERENCES `wo_l1` (`id`) ON DELETE RESTRICT ON UPDATE CASCADE,
  CONSTRAINT `fk_roh_wol2` FOREIGN KEY (`wo_l2_id`) REFERENCES `wo_l2` (`id`) ON DELETE RESTRICT ON UPDATE CASCADE
) ENGINE=InnoDB AUTO_INCREMENT=9 DEFAULT CHARSET=utf8mb4 COLLATE=utf8mb4_0900_ai_ci;

-- Dumping data for table ai_erp.ro_headers: ~8 rows (approximately)
INSERT INTO `ro_headers` (`id`, `no_ro`, `wo_l1_id`, `wo_l2_id`, `brand_id`, `art_color`, `departement_id`, `ro_date`, `status_ro`, `created_at`, `updated_at`) VALUES
	(1, 'RO-202509-0001', 3, 4, 1, 'wed - 123213', 1, '2025-09-22', 'submitted', '2025-09-22 02:23:39', '2025-09-22 12:59:49'),
	(2, 'RO-202509-0002', 3, 4, 1, 'wed - 123213', 1, '2025-09-22', 'sudah_lengkap', '2025-09-22 03:22:54', '2025-09-22 06:05:21'),
	(3, 'RO-202509-0003', 4, 6, 1, 'test', 1, '2025-09-22', 'sudah_lengkap', '2025-09-22 07:04:37', '2025-09-22 09:05:54'),
	(4, 'RO-202509-0004', 4, 7, 1, 'test', 2, '2025-09-22', 'sudah_lengkap', '2025-09-22 07:04:59', '2025-09-22 09:06:25'),
	(5, 'RO-202509-0005', 4, 8, 1, 'test', 3, '2025-09-22', 'sudah_lengkap', '2025-09-22 07:05:19', '2025-09-22 09:08:31'),
	(6, 'RO-202509-0006', 4, 9, 1, 'test', 4, '2025-09-22', 'sudah_lengkap', '2025-09-22 07:05:40', '2025-09-22 09:08:52'),
	(7, 'RO-202509-0007', 4, 10, 1, 'test', 5, '2025-09-22', 'sudah_lengkap', '2025-09-22 07:05:55', '2025-09-22 09:09:24'),
	(8, 'RO-202509-0008', 4, 11, 1, 'test', 6, '2025-09-22', 'belum_lengkap', '2025-09-22 07:06:10', '2025-09-22 09:09:57');

-- Dumping structure for table ai_erp.submenus
CREATE TABLE IF NOT EXISTS `submenus` (
  `id` int NOT NULL AUTO_INCREMENT,
  `menu_id` int NOT NULL,
  `name` varchar(100) NOT NULL,
  `slug` varchar(100) NOT NULL,
  `url` varchar(255) NOT NULL,
  `icon` varchar(100) DEFAULT NULL,
  `is_active` tinyint(1) NOT NULL DEFAULT '1',
  `sort_order` int unsigned NOT NULL,
  `created_at` datetime DEFAULT CURRENT_TIMESTAMP,
  `updated_at` datetime DEFAULT CURRENT_TIMESTAMP ON UPDATE CURRENT_TIMESTAMP,
  PRIMARY KEY (`id`),
  UNIQUE KEY `slug` (`slug`),
  UNIQUE KEY `uq_submenus_menu_sort` (`menu_id`,`sort_order`),
  CONSTRAINT `fk_submenus_menu` FOREIGN KEY (`menu_id`) REFERENCES `menus` (`id`) ON DELETE CASCADE
) ENGINE=InnoDB AUTO_INCREMENT=27 DEFAULT CHARSET=utf8mb4 COLLATE=utf8mb4_0900_ai_ci;

-- Dumping data for table ai_erp.submenus: ~25 rows (approximately)
INSERT INTO `submenus` (`id`, `menu_id`, `name`, `slug`, `url`, `icon`, `is_active`, `sort_order`, `created_at`, `updated_at`) VALUES
	(1, 2, 'List User', 'listuser', 'listuser', 'fa fa-angle-right', 1, 1, '2025-09-16 09:11:43', '2025-09-16 09:11:43'),
	(2, 2, 'Role Access', 'roleaccess', 'roleaccess', 'fa fa-angle-right', 1, 2, '2025-09-16 09:11:43', '2025-09-16 09:11:43'),
	(3, 3, 'Category', 'category', 'category', 'fa fa-angle-right', 1, 1, '2025-09-16 09:11:43', '2025-09-16 09:11:43'),
	(4, 3, 'Item', 'item', 'item', 'fa fa-angle-right', 1, 2, '2025-09-16 09:11:43', '2025-09-16 09:11:43'),
	(5, 3, 'Unit', 'unit', 'unit', 'fa fa-angle-right', 1, 3, '2025-09-16 09:11:43', '2025-09-16 09:11:43'),
	(6, 3, 'Brand', 'brand', 'brand', 'fa fa-angle-right', 1, 4, '2025-09-16 09:11:43', '2025-09-16 09:11:43'),
	(7, 3, 'Departement', 'departement', 'departement', 'fa fa-angle-right', 1, 5, '2025-09-16 09:11:43', '2025-09-16 09:11:43'),
	(8, 3, 'Supplier', 'supplier', 'supplier', 'fa fa-angle-right', 1, 6, '2025-09-16 09:11:43', '2025-09-16 09:11:43'),
	(9, 3, 'Menu Mgmt', 'menu', 'menu', 'fa fa-angle-right', 1, 7, '2025-09-16 09:11:43', '2025-09-16 09:11:43'),
	(10, 3, 'Sub Menu', 'submenu', 'submenu', 'fa fa-angle-right', 1, 8, '2025-09-16 09:11:43', '2025-09-16 09:11:43'),
	(12, 5, 'Build Of Material', 'build-of-material', 'bom', ' fa fa-angle-right', 1, 1, '2025-09-17 11:47:07', '2025-09-18 10:24:38'),
	(13, 5, 'Work Order', 'work-order', 'wo', ' fa fa-angle-right', 1, 2, '2025-09-18 10:24:09', '2025-09-18 10:24:44'),
	(14, 6, 'Stock Item', 'stock-item', 'stock', ' fa fa-angle-right', 1, 1, '2025-09-18 12:54:39', '2025-09-18 12:54:39'),
	(15, 6, 'Checkin Item', 'checkin-item', 'checkin', ' fa fa-angle-right', 1, 2, '2025-09-18 12:55:10', '2025-09-18 12:55:10'),
	(16, 6, 'Checkout Item', 'checkout-item', 'checkout', ' fa fa-angle-right', 1, 3, '2025-09-18 12:55:49', '2025-09-18 12:55:49'),
	(17, 8, 'Request Order', 'request-order', 'Ro', 'fa fa-angle-right', 1, 1, '2025-09-19 09:26:16', '2025-09-19 09:26:16'),
	(18, 8, 'Laporan Production', 'laporan-production', 'Production', ' fa fa-angle-right', 1, 2, '2025-09-19 09:27:17', '2025-09-19 09:27:17'),
	(19, 9, 'PPS', 'pps', 'pps', ' fa fa-angle-right', 1, 1, '2025-09-22 15:23:04', '2025-09-22 15:23:04'),
	(20, 10, 'Daily Report Defect', 'daily-report', 'daily', 'fa fa-male', 1, 1, '2025-09-23 09:40:06', '2025-09-24 13:15:58'),
	(21, 10, 'Report by P.O.', 'report-po', 'defect_report_po', 'fa fa-clipboard', 1, 2, '2025-09-23 09:52:25', '2025-09-25 16:46:27'),
	(22, 10, 'Incoming Defect Pict', 'defect-pict', 'ariat_defect_pict', 'fa fa-camera', 1, 3, '2025-09-23 09:54:32', '2025-09-23 10:05:17'),
	(23, 10, 'Display', 'display', 'ariat_display', 'fa fa-laptop', 1, 4, '2025-09-23 09:58:47', '2025-09-23 10:02:19'),
	(24, 10, 'Action Plan', 'action-plan', 'action_plan', 'fa fa-pencil', 1, 5, '2025-09-23 10:01:55', '2025-09-23 10:01:55'),
	(25, 10, 'Data Defect', 'data-defect', 'defect', 'fa fa-unlink', 1, 6, '2025-09-23 11:44:38', '2025-09-23 12:55:44'),
	(26, 10, 'SPK', 'spk', 'spk_defect', 'fa fa-list', 1, 7, '2025-09-23 14:13:26', '2025-09-23 14:45:05');

-- Dumping structure for table ai_erp.units
CREATE TABLE IF NOT EXISTS `units` (
  `id` int NOT NULL AUTO_INCREMENT,
  `name` varchar(50) CHARACTER SET utf8mb4 COLLATE utf8mb4_general_ci NOT NULL,
  `description` text CHARACTER SET utf8mb4 COLLATE utf8mb4_general_ci,
  PRIMARY KEY (`id`),
  UNIQUE KEY `name` (`name`)
) ENGINE=InnoDB AUTO_INCREMENT=39 DEFAULT CHARSET=utf8mb4 COLLATE=utf8mb4_general_ci;

-- Dumping data for table ai_erp.units: ~20 rows (approximately)
INSERT INTO `units` (`id`, `name`, `description`) VALUES
	(1, 'FTK', 'FTK'),
	(2, 'NPR', 'NPR'),
	(3, 'LTR', 'LTR'),
	(4, 'PCE', 'PCE'),
	(5, 'MTR', 'MTR'),
	(6, 'SHT', 'SHT'),
	(7, 'SET', 'SET'),
	(8, 'TIN', 'TIN'),
	(9, 'KGM', 'KGM'),
	(10, 'YRD', 'YRD'),
	(11, 'MTK', 'MTK'),
	(12, 'CONE', 'CONE'),
	(13, 'ROLL', 'ROLL'),
	(14, 'PCS', 'PCS'),
	(15, 'CJ', 'CJ'),
	(16, 'EA', 'EA'),
	(17, 'RO', 'RO'),
	(18, 'PAK', 'PAK'),
	(19, 'PRS', 'PRS'),
	(20, 'KG', 'KG');

-- Dumping structure for table ai_erp.users
CREATE TABLE IF NOT EXISTS `users` (
  `id` int NOT NULL AUTO_INCREMENT,
  `username` varchar(100) CHARACTER SET utf8mb4 COLLATE utf8mb4_general_ci NOT NULL,
  `email` varchar(100) CHARACTER SET utf8mb4 COLLATE utf8mb4_general_ci NOT NULL,
  `password` varchar(255) CHARACTER SET utf8mb4 COLLATE utf8mb4_general_ci NOT NULL,
  `image` varchar(255) CHARACTER SET utf8mb4 COLLATE utf8mb4_general_ci DEFAULT NULL,
  `role_id` int NOT NULL,
  `is_active` tinyint(1) NOT NULL DEFAULT '1',
  `created_at` datetime NOT NULL DEFAULT CURRENT_TIMESTAMP,
  `is_delete` tinyint(1) NOT NULL DEFAULT '0',
  `deleted_at` datetime DEFAULT NULL,
  PRIMARY KEY (`id`),
  UNIQUE KEY `email` (`email`)
) ENGINE=InnoDB AUTO_INCREMENT=14 DEFAULT CHARSET=utf8mb4 COLLATE=utf8mb4_general_ci;

-- Dumping data for table ai_erp.users: ~3 rows (approximately)
INSERT INTO `users` (`id`, `username`, `email`, `password`, `image`, `role_id`, `is_active`, `created_at`, `is_delete`, `deleted_at`) VALUES
	(1, 'wisnu', 's.wisnu1106@gmail.com', '$2y$10$PfqoNeGt6H1y/bVVDl.ju.A0BBWFokv/2eUajwSN9ijTKWDmowi8W', 'Eun-bi.jpg', 1, 1, '2025-09-12 07:24:00', 0, NULL),
	(9, 'test', 'test@test.com', '$2y$10$nYwuqmAxaw3Qdz0WmQz9HeehzuN2FEww9zClFnsTPp5U2ORhmq.rq', 'minjoong_and_malsook.jpg', 2, 1, '2025-09-15 03:03:32', 0, NULL),
	(13, 'bagas', 'admin@mail.com', '$2y$10$DrendFBgwQdgiNKdRHK1J.tBB3ZiuTDknk1MBi8aEVmc8j8pNw5xi', 'default.jpg', 1, 1, '2025-09-22 09:59:15', 0, NULL);

-- Dumping structure for table ai_erp.wo_l1
CREATE TABLE IF NOT EXISTS `wo_l1` (
  `id` bigint NOT NULL AUTO_INCREMENT,
  `bom_l1_id` bigint NOT NULL,
  `item_id` bigint NOT NULL,
  `unit_id` bigint NOT NULL,
  `brand_id` bigint NOT NULL,
  `art_color` varchar(255) CHARACTER SET utf8mb4 COLLATE utf8mb4_general_ci DEFAULT NULL,
  `date_order` date NOT NULL,
  `x_factory_date` date NOT NULL,
  `no_wo` varchar(50) CHARACTER SET utf8mb4 COLLATE utf8mb4_general_ci NOT NULL,
  `total_size_qty` decimal(18,6) NOT NULL DEFAULT '0.000000',
  `notes` text CHARACTER SET utf8mb4 COLLATE utf8mb4_general_ci,
  `created_at` datetime NOT NULL DEFAULT CURRENT_TIMESTAMP,
  PRIMARY KEY (`id`),
  KEY `idx_wo_l1_boml1` (`bom_l1_id`),
  KEY `idx_wo_l1_item` (`item_id`),
  KEY `idx_wo_l1_brand` (`brand_id`),
  KEY `idx_wo_l1_unit` (`unit_id`),
  CONSTRAINT `fk_wo_l1_bom_l1` FOREIGN KEY (`bom_l1_id`) REFERENCES `bom_l1` (`id`) ON DELETE RESTRICT ON UPDATE CASCADE
) ENGINE=InnoDB AUTO_INCREMENT=5 DEFAULT CHARSET=utf8mb4 COLLATE=utf8mb4_general_ci;

-- Dumping data for table ai_erp.wo_l1: ~2 rows (approximately)
INSERT INTO `wo_l1` (`id`, `bom_l1_id`, `item_id`, `unit_id`, `brand_id`, `art_color`, `date_order`, `x_factory_date`, `no_wo`, `total_size_qty`, `notes`, `created_at`) VALUES
	(3, 26, 1, 2, 1, 'wed - 123213', '2025-09-17', '2025-09-30', 'wo-001', 6.000000, '', '2025-09-18 09:19:58'),
	(4, 27, 1, 2, 1, 'test', '2025-09-22', '2025-09-30', 'wo-002', 10.000000, '', '2025-09-22 06:17:49');

-- Dumping structure for table ai_erp.wo_l2
CREATE TABLE IF NOT EXISTS `wo_l2` (
  `id` bigint NOT NULL AUTO_INCREMENT,
  `wo_l1_id` bigint NOT NULL,
  `item_id` bigint NOT NULL,
  PRIMARY KEY (`id`),
  KEY `idx_wo_l2_wol1` (`wo_l1_id`),
  KEY `idx_wo_l2_item` (`item_id`),
  CONSTRAINT `fk_wo_l2_wo_l1` FOREIGN KEY (`wo_l1_id`) REFERENCES `wo_l1` (`id`) ON DELETE CASCADE ON UPDATE CASCADE
) ENGINE=InnoDB AUTO_INCREMENT=12 DEFAULT CHARSET=utf8mb4 COLLATE=utf8mb4_general_ci;

-- Dumping data for table ai_erp.wo_l2: ~8 rows (approximately)
INSERT INTO `wo_l2` (`id`, `wo_l1_id`, `item_id`) VALUES
	(4, 3, 6),
	(5, 3, 7),
	(6, 4, 6),
	(7, 4, 7),
	(8, 4, 8),
	(9, 4, 9),
	(10, 4, 10),
	(11, 4, 11);

-- Dumping structure for table ai_erp.wo_l3
CREATE TABLE IF NOT EXISTS `wo_l3` (
  `id` bigint NOT NULL AUTO_INCREMENT,
  `wo_l2_id` bigint NOT NULL,
  `item_id` bigint NOT NULL,
  `consumption` decimal(18,6) NOT NULL,
  `required_qty` decimal(18,6) NOT NULL,
  PRIMARY KEY (`id`),
  KEY `idx_wo_l3_wol2` (`wo_l2_id`),
  KEY `idx_wo_l3_item` (`item_id`),
  CONSTRAINT `fk_wo_l3_wo_l2` FOREIGN KEY (`wo_l2_id`) REFERENCES `wo_l2` (`id`) ON DELETE CASCADE ON UPDATE CASCADE
) ENGINE=InnoDB AUTO_INCREMENT=21 DEFAULT CHARSET=utf8mb4 COLLATE=utf8mb4_general_ci;

-- Dumping data for table ai_erp.wo_l3: ~16 rows (approximately)
INSERT INTO `wo_l3` (`id`, `wo_l2_id`, `item_id`, `consumption`, `required_qty`) VALUES
	(5, 4, 24, 2.000000, 12.000000),
	(6, 4, 25, 2.000000, 12.000000),
	(7, 5, 6, 1.000000, 6.000000),
	(8, 5, 28, 2.000000, 12.000000),
	(9, 6, 24, 1.000000, 10.000000),
	(10, 6, 25, 1.000000, 10.000000),
	(11, 7, 6, 1.000000, 10.000000),
	(12, 7, 33, 1.000000, 10.000000),
	(13, 8, 7, 1.000000, 10.000000),
	(14, 8, 26, 1.000000, 10.000000),
	(15, 9, 8, 1.000000, 10.000000),
	(16, 9, 30, 1.000000, 10.000000),
	(17, 10, 9, 1.000000, 10.000000),
	(18, 10, 40, 1.000000, 10.000000),
	(19, 11, 10, 1.000000, 10.000000),
	(20, 11, 50, 1.000000, 10.000000);

-- Dumping structure for table ai_erp.wo_sizes
CREATE TABLE IF NOT EXISTS `wo_sizes` (
  `id` bigint NOT NULL AUTO_INCREMENT,
  `wo_l1_id` bigint NOT NULL,
  `size_id` bigint NOT NULL,
  `qty` int NOT NULL DEFAULT '0',
  PRIMARY KEY (`id`),
  KEY `idx_wo_sizes_wol1` (`wo_l1_id`),
  KEY `idx_wo_sizes_size` (`size_id`),
  CONSTRAINT `fk_wo_sizes_wo_l1` FOREIGN KEY (`wo_l1_id`) REFERENCES `wo_l1` (`id`) ON DELETE CASCADE ON UPDATE CASCADE
) ENGINE=InnoDB AUTO_INCREMENT=25 DEFAULT CHARSET=utf8mb4 COLLATE=utf8mb4_general_ci;

-- Dumping data for table ai_erp.wo_sizes: ~11 rows (approximately)
INSERT INTO `wo_sizes` (`id`, `wo_l1_id`, `size_id`, `qty`) VALUES
	(14, 3, 1, 2),
	(15, 3, 8, 2),
	(16, 3, 9, 2),
	(17, 4, 1, 1),
	(18, 4, 8, 1),
	(19, 4, 9, 1),
	(20, 4, 11, 2),
	(21, 4, 12, 2),
	(22, 4, 14, 1),
	(23, 4, 15, 1),
	(24, 4, 17, 1);

/*!40103 SET TIME_ZONE=IFNULL(@OLD_TIME_ZONE, 'system') */;
/*!40101 SET SQL_MODE=IFNULL(@OLD_SQL_MODE, '') */;
/*!40014 SET FOREIGN_KEY_CHECKS=IFNULL(@OLD_FOREIGN_KEY_CHECKS, 1) */;
/*!40101 SET CHARACTER_SET_CLIENT=@OLD_CHARACTER_SET_CLIENT */;
/*!40111 SET SQL_NOTES=IFNULL(@OLD_SQL_NOTES, 1) */;
